language,marital_status,gender,urban_rural,region,age,education_level,social_class,Q106,Q107,Q108,Q110,Q150,Q151,Q158,Q159,Q160,Q161,Q162,Q176,Q177,Q178,Q179,Q180,Q181,Q184,Q185,Q187,Q188,Q189,Q190,Q191,Q192,Q194,Q195,Q224,Q225,Q227,Q228,Q229,Q230,Q231,Q232,Q233,Q234,Q235,Q236,Q238,Q239,Q241,Q242,Q244,Q247,Q248,Q33,Q34,Q35,Q37,Q38,Q39,Q40,Q41,Q42,Q43,Q44,Q45,Q64,Q66,Q67,Q68,Q72,Q73,Q74,Q75,Q77,Q78,Q79,Q80,Q81,Q82,Q83,Q84,Q85,Q86,Q87,Q88,Q89,Q90
Hindi,Single,Female,Rural,IN-UP Uttar Pradesh,16-24,Middle,Working class,Invalid answer,Invalid answer,People should take more responsibility to provide for themselves,"In the long run, hard work usually brings a better life",No answer,Yes,Invalid answer,Invalid answer,Completely agree,Completely agree,Completely disagree,Invalid answer,Always justifiable,Always justifiable,Never justifiable,Never justifiable,Always justifiable,Never justifiable,Never justifiable,Always justifiable,Always justifiable,Never justifiable,Always justifiable,Never justifiable,Never justifiable,Always justifiable,Always justifiable,Not often,Fairly often,Very often,Fairly often,Not often,Fairly often,Very often,Very often,No answer,Rather important,Fairly bad,Fairly good,Fairly good,Fairly good,Invalid answer,Invalid answer,Invalid answer,An essential characteristic of democracy,Not an essential characteristic of democracy,Agree,Disagree,Agree,Agree,Disagree,Agree,Agree,Disagree,Our society must be gradually improved by reforms,Don't mind,Bad thing,Bad thing,Not very much,None at all,A great deal,Not very much,Quite a lot,Quite a lot,Quite a lot,Not very much,Quite a lot,Not very much,Quite a lot,A great deal,Quite a lot,Quite a lot,Quite a lot,None at all,Not very much,Quite a lot,Quite a lot,Not very much,Quite a lot,Invalid answer
Hindi,Married,Female,Rural,IN-UP Uttar Pradesh,35-44,Lower,Working class,Invalid answer,Invalid answer,People should take more responsibility to provide for themselves,Invalid answer,Freedom,No,Invalid answer,Invalid answer,Completely agree,Completely agree,Completely agree,Invalid answer,Always justifiable,Always justifiable,Never justifiable,Always justifiable,Always justifiable,Never justifiable,Never justifiable,Always justifiable,Always justifiable,Never justifiable,Always justifiable,Never justifiable,Never justifiable,Never justifiable,Always justifiable,Not often,Fairly often,No answer,Fairly often,Not often,Fairly often,No answer,No answer,Fairly often,Rather important,Fairly bad,Fairly good,Fairly good,Fairly good,Invalid answer,Not an essential characteristic of democracy,An essential characteristic of democracy,An essential characteristic of democracy,Not an essential characteristic of democracy,Agree,Disagree,Agree,Agree,Agree,Agree,Agree,Agree,Our society must be gradually improved by reforms,Bad thing,Bad thing,Bad thing,Not very much,None at all,Quite a lot,Not very much,Quite a lot,Quite a lot,Quite a lot,Quite a lot,Quite a lot,Not very much,Quite a lot,A great deal,Quite a lot,Quite a lot,Quite a lot,None at all,Not very much,Quite a lot,Quite a lot,Quite a lot,Quite a lot,Invalid answer
Hindi,Married,Female,Rural,IN-UP Uttar Pradesh,45-54,Lower,Working class,Invalid answer,Invalid answer,People should take more responsibility to provide for themselves,Invalid answer,Freedom,No,Invalid answer,Invalid answer,Completely agree,Completely agree,Completely agree,Invalid answer,Always justifiable,Always justifiable,Never justifiable,Always justifiable,Always justifiable,Always justifiable,Always justifiable,Always justifiable,Always justifiable,Never justifiable,Always justifiable,Never justifiable,Never justifiable,Never justifiable,Always justifiable,Not often,Fairly often,No answer,Fairly often,Not often,Fairly often,No answer,No answer,Fairly often,Rather important,Fairly bad,Fairly good,Fairly good,Fairly bad,Invalid answer,Not an essential characteristic of democracy,An essential characteristic of democracy,An essential characteristic of democracy,Not an essential characteristic of democracy,Agree,Disagree,Agree,Agree,Agree,Disagree,Agree,Agree,Our society must be gradually improved by reforms,Bad thing,Bad thing,Bad thing,Not very much,None at all,Quite a lot,Not very much,Not very much,Not very much,Quite a lot,Not very much,Quite a lot,Not very much,Quite a lot,A great deal,Quite a lot,Quite a lot,Quite a lot,None at all,Not very much,Quite a lot,Not very much,Not very much,Quite a lot,Invalid answer
Hindi,Single,Male,Rural,IN-UP Uttar Pradesh,16-24,Higher,Working class,Invalid answer,Invalid answer,People should take more responsibility to provide for themselves,"In the long run, hard work usually brings a better life",No answer,No,Invalid answer,Invalid answer,Completely agree,Completely agree,Completely disagree,Invalid answer,Always justifiable,Always justifiable,Never justifiable,Never justifiable,Always justifiable,Never justifiable,Never justifiable,Always justifiable,Always justifiable,Never justifiable,Always justifiable,Never justifiable,Never justifiable,Never justifiable,Always justifiable,Not often,Fairly often,No answer,Fairly often,Not often,Fairly often,No answer,No answer,Fairly often,Rather important,Fairly bad,Fairly good,Fairly good,Fairly good,Invalid answer,Invalid answer,An essential characteristic of democracy,An essential characteristic of democracy,Not an essential characteristic of democracy,Agree,Disagree,Agree,Agree,Disagree,Agree,Agree strongly,Agree,Our society must be gradually improved by reforms,Don't mind,Bad thing,Bad thing,Not very much,None at all,Quite a lot,Not very much,Quite a lot,Quite a lot,Not very much,Not very much,Quite a lot,Not very much,Quite a lot,A great deal,Quite a lot,Quite a lot,Quite a lot,None at all,No answer,No answer,Quite a lot,Not very much,Quite a lot,Invalid answer
Hindi,Single,Male,Rural,IN-UP Uttar Pradesh,16-24,Lower,Working class,Invalid answer,Invalid answer,People should take more responsibility to provide for themselves,"In the long run, hard work usually brings a better life",No answer,No,Invalid answer,Invalid answer,Completely agree,Completely agree,Completely agree,Invalid answer,Always justifiable,Always justifiable,Never justifiable,Never justifiable,Always justifiable,Never justifiable,Never justifiable,Always justifiable,Always justifiable,Never justifiable,Always justifiable,Always justifiable,Never justifiable,Always justifiable,Always justifiable,Not often,Fairly often,No answer,Fairly often,Not often,Fairly often,No answer,No answer,Fairly often,Rather important,Fairly bad,Fairly good,Fairly good,Fairly bad,Invalid answer,Invalid answer,An essential characteristic of democracy,An essential characteristic of democracy,Not an essential characteristic of democracy,Agree,Disagree,Agree,Agree,Disagree,Agree,Agree,Agree,Our society must be gradually improved by reforms,Don't mind,Bad thing,Bad thing,None at all,None at all,Not very much,Not very much,Quite a lot,Not very much,Quite a lot,Quite a lot,Quite a lot,Not very much,Quite a lot,A great deal,Quite a lot,Quite a lot,Quite a lot,None at all,No answer,No answer,Not very much,Not very much,Quite a lot,Invalid answer
Hindi,Single,Male,Rural,IN-UP Uttar Pradesh,16-24,Middle,Lower middle class,Invalid answer,Invalid answer,People should take more responsibility to provide for themselves,"In the long run, hard work usually brings a better life",No answer,No,Invalid answer,Invalid answer,Completely agree,Completely agree,Completely agree,Invalid answer,Always justifiable,Always justifiable,Never justifiable,Always justifiable,Always justifiable,Always justifiable,Always justifiable,Always justifiable,Always justifiable,Never justifiable,Always justifiable,Never justifiable,Always justifiable,Always justifiable,Always justifiable,Not often,Fairly often,Very often,Fairly often,Not often,Fairly often,No answer,No answer,Fairly often,Rather important,Fairly bad,Fairly good,Fairly good,Fairly good,Invalid answer,Invalid answer,An essential characteristic of democracy,An essential characteristic of democracy,Not an essential characteristic of democracy,Agree,Disagree,Agree,Agree,Disagree,Agree,Agree,Disagree,Our society must be gradually improved by reforms,Don't mind,Bad thing,Bad thing,Not very much,None at all,Quite a lot,Not very much,Quite a lot,Not very much,Quite a lot,Not very much,Quite a lot,Not very much,Quite a lot,A great deal,Quite a lot,Quite a lot,Quite a lot,None at all,Not very much,Quite a lot,Quite a lot,Not very much,Quite a lot,Invalid answer
Hindi,Single,Male,Rural,IN-UP Uttar Pradesh,16-24,Middle,Working class,Invalid answer,Invalid answer,People should take more responsibility to provide for themselves,"In the long run, hard work usually brings a better life",Freedom,Yes,Invalid answer,Invalid answer,Completely agree,Completely agree,Completely agree,Invalid answer,Always justifiable,Always justifiable,Never justifiable,Always justifiable,Always justifiable,Always justifiable,Always justifiable,Always justifiable,Always justifiable,Never justifiable,Always justifiable,Always justifiable,Never justifiable,Always justifiable,Always justifiable,Not often,Fairly often,Very often,Fairly often,Not often,Fairly often,No answer,No answer,Fairly often,Rather important,Fairly bad,Fairly good,Fairly good,Fairly good,Invalid answer,Invalid answer,An essential characteristic of democracy,An essential characteristic of democracy,Not an essential characteristic of democracy,Agree,Disagree,Agree,Agree,Disagree,Agree,Agree strongly,Agree,Our society must be gradually improved by reforms,Don't mind,Bad thing,Bad thing,Not very much,None at all,Quite a lot,Not very much,Quite a lot,Quite a lot,Not very much,Not very much,Quite a lot,Not very much,Quite a lot,A great deal,Quite a lot,Quite a lot,Quite a lot,None at all,No answer,No answer,Quite a lot,Not very much,Quite a lot,Invalid answer
Hindi,Married,Male,Rural,IN-UP Uttar Pradesh,25-34,Middle,Lower middle class,Invalid answer,Invalid answer,People should take more responsibility to provide for themselves,Invalid answer,Freedom,Yes,Invalid answer,Invalid answer,Completely agree,Completely agree,Completely disagree,Invalid answer,Always justifiable,Always justifiable,Never justifiable,Never justifiable,Always justifiable,Never justifiable,Never justifiable,Always justifiable,Always justifiable,Never justifiable,Always justifiable,Never justifiable,Never justifiable,Never justifiable,Always justifiable,Not often,Fairly often,Very often,Fairly often,Fairly often,Fairly often,No answer,No answer,Fairly often,Rather important,Fairly bad,Fairly good,Fairly good,Fairly good,Invalid answer,Not an essential characteristic of democracy,An essential characteristic of democracy,An essential characteristic of democracy,Not an essential characteristic of democracy,Agree,Disagree,Agree,Agree,Agree,Agree,Agree strongly,Agree,Our society must be gradually improved by reforms,Bad thing,Bad thing,Bad thing,Not very much,None at all,Quite a lot,Not very much,Quite a lot,Quite a lot,Not very much,Not very much,Quite a lot,Not very much,Quite a lot,A great deal,Quite a lot,Quite a lot,Quite a lot,None at all,Not very much,Quite a lot,Quite a lot,Quite a lot,Quite a lot,Invalid answer
Hindi,Married,Male,Rural,IN-UP Uttar Pradesh,25-34,Middle,Working class,Invalid answer,Invalid answer,People should take more responsibility to provide for themselves,Invalid answer,Freedom,Yes,Invalid answer,Invalid answer,Completely agree,Completely agree,Completely disagree,Invalid answer,Always justifiable,Always justifiable,Never justifiable,Never justifiable,Always justifiable,Always justifiable,Always justifiable,Always justifiable,Always justifiable,Never justifiable,Always justifiable,Never justifiable,Always justifiable,Always justifiable,Always justifiable,Not often,Fairly often,Not often,Fairly often,Not often,Fairly often,No answer,No answer,Fairly often,Rather important,Fairly bad,Fairly good,Fairly good,Fairly bad,Invalid answer,Invalid answer,An essential characteristic of democracy,An essential characteristic of democracy,Not an essential characteristic of democracy,Agree,Disagree,Agree,Agree,Agree,Agree,Agree strongly,Agree,Our present society must be valiantly defended against all subversive forces,Bad thing,Bad thing,Bad thing,Not very much,None at all,Quite a lot,Not very much,Quite a lot,Quite a lot,Not very much,Not very much,Quite a lot,Not very much,Quite a lot,A great deal,Quite a lot,Quite a lot,Quite a lot,None at all,Not very much,Quite a lot,Quite a lot,Quite a lot,Quite a lot,Invalid answer
Hindi,Married,Male,Rural,IN-UP Uttar Pradesh,35-44,Lower,Working class,Invalid answer,Invalid answer,People should take more responsibility to provide for themselves,Invalid answer,Security,No,Invalid answer,Invalid answer,Completely agree,Completely agree,Completely agree,Invalid answer,Always justifiable,Always justifiable,Never justifiable,Always justifiable,Always justifiable,Always justifiable,Always justifiable,Always justifiable,Always justifiable,Never justifiable,Always justifiable,Never justifiable,Always justifiable,Always justifiable,Always justifiable,Not often,Fairly often,No answer,Fairly often,Not often,Fairly often,No answer,No answer,Not often,Rather important,Fairly bad,Fairly good,Fairly good,Fairly bad,Invalid answer,Not an essential characteristic of democracy,An essential characteristic of democracy,An essential characteristic of democracy,Not an essential characteristic of democracy,Agree,Disagree,Agree,Agree,Agree,Agree,Agree,Agree strongly,Our present society must be valiantly defended against all subversive forces,Bad thing,Bad thing,Bad thing,Not very much,None at all,Quite a lot,Not very much,Quite a lot,Quite a lot,Not very much,Not very much,Quite a lot,Not very much,Quite a lot,A great deal,Quite a lot,Quite a lot,Quite a lot,Not very much,Not very much,Not very much,Quite a lot,Quite a lot,Quite a lot,Invalid answer
Hindi,Married,Male,Rural,IN-UP Uttar Pradesh,35-44,Middle,Lower middle class,Invalid answer,Invalid answer,People should take more responsibility to provide for themselves,Invalid answer,Freedom,Yes,Invalid answer,Invalid answer,Completely agree,Completely agree,Completely agree,Invalid answer,Always justifiable,Always justifiable,Never justifiable,Always justifiable,Always justifiable,Always justifiable,Always justifiable,Always justifiable,Always justifiable,Never justifiable,Always justifiable,Never justifiable,Never justifiable,Never justifiable,Always justifiable,Not often,No answer,No answer,Fairly often,Fairly often,Fairly often,No answer,No answer,Fairly often,Rather important,No answer,No answer,Fairly good,Fairly good,Invalid answer,Invalid answer,An essential characteristic of democracy,An essential characteristic of democracy,Not an essential characteristic of democracy,Agree,Disagree,Agree,Agree,Agree,Agree,Agree strongly,Agree,Our present society must be valiantly defended against all subversive forces,Bad thing,Bad thing,Bad thing,Not very much,None at all,Quite a lot,Not very much,Quite a lot,Quite a lot,Not very much,Not very much,Quite a lot,Not very much,Quite a lot,A great deal,Quite a lot,Quite a lot,Quite a lot,None at all,Not very much,Quite a lot,Quite a lot,Quite a lot,Quite a lot,Invalid answer
Hindi,Married,Male,Rural,IN-UP Uttar Pradesh,45-54,Middle,Lower middle class,Invalid answer,Invalid answer,People should take more responsibility to provide for themselves,Invalid answer,Security,No,Invalid answer,Invalid answer,Completely agree,Completely agree,Completely agree,Invalid answer,Always justifiable,Always justifiable,Never justifiable,Always justifiable,Always justifiable,Always justifiable,Always justifiable,Always justifiable,Always justifiable,Never justifiable,Always justifiable,Never justifiable,Never justifiable,Never justifiable,Always justifiable,Not often,No answer,No answer,Fairly often,Fairly often,Fairly often,No answer,No answer,Fairly often,Rather important,Fairly bad,Fairly good,Fairly good,Fairly good,Invalid answer,Not an essential characteristic of democracy,An essential characteristic of democracy,An essential characteristic of democracy,Not an essential characteristic of democracy,Agree,Disagree,Agree,Agree,Agree,Agree,Agree strongly,Agree,Our present society must be valiantly defended against all subversive forces,Bad thing,Bad thing,Bad thing,Not very much,None at all,Quite a lot,Not very much,Quite a lot,Quite a lot,Not very much,Not very much,Not very much,Not very much,Quite a lot,A great deal,Quite a lot,Quite a lot,Quite a lot,None at all,Not very much,Not very much,Quite a lot,Not very much,Quite a lot,Invalid answer
Hindi,Married,Male,Rural,IN-UP Uttar Pradesh,45-54,Middle,Upper middle class,Invalid answer,Invalid answer,Invalid answer,Hard work doesn't generally bring successâ€”it's more a matter of luck and connections,Security,Yes,Invalid answer,Invalid answer,Completely agree,Completely agree,Completely disagree,Invalid answer,Never justifiable,Always justifiable,Never justifiable,Always justifiable,Always justifiable,Always justifiable,Always justifiable,Always justifiable,Always justifiable,Never justifiable,Always justifiable,Always justifiable,Never justifiable,Never justifiable,Always justifiable,Not often,Not often,Very often,Fairly often,Fairly often,Fairly often,Very often,Fairly often,Fairly often,Rather important,Fairly bad,Fairly good,Fairly good,Fairly good,Invalid answer,Invalid answer,An essential characteristic of democracy,An essential characteristic of democracy,An essential characteristic of democracy,Agree,Disagree,Agree,Agree,Agree,Agree,Agree strongly,Agree,Our present society must be valiantly defended against all subversive forces,Bad thing,Bad thing,Bad thing,Not very much,None at all,A great deal,Not very much,Quite a lot,Quite a lot,Quite a lot,Not very much,Not very much,Not very much,Quite a lot,A great deal,Quite a lot,Quite a lot,Quite a lot,Not very much,Not very much,Quite a lot,Quite a lot,Quite a lot,Quite a lot,Invalid answer
Hindi,Married,Male,Rural,IN-UP Uttar Pradesh,45-54,Middle,Working class,Invalid answer,Invalid answer,People should take more responsibility to provide for themselves,Invalid answer,Freedom,Yes,Invalid answer,Invalid answer,Completely agree,Completely agree,Completely agree,Invalid answer,Always justifiable,Always justifiable,Never justifiable,Always justifiable,Always justifiable,Always justifiable,Always justifiable,Always justifiable,Always justifiable,Never justifiable,Always justifiable,Never justifiable,Never justifiable,Never justifiable,Always justifiable,Not often,Fairly often,No answer,Fairly often,Fairly often,Fairly often,No answer,No answer,Fairly often,Rather important,Fairly bad,Fairly good,Fairly good,Fairly bad,Invalid answer,Not an essential characteristic of democracy,An essential characteristic of democracy,An essential characteristic of democracy,Not an essential characteristic of democracy,Agree,Disagree,Agree,Agree,Agree,Agree,Agree strongly,Agree,Our present society must be valiantly defended against all subversive forces,Bad thing,Bad thing,Bad thing,Not very much,None at all,Quite a lot,Not very much,Quite a lot,Quite a lot,Not very much,Not very much,Not very much,Not very much,Quite a lot,A great deal,Quite a lot,Quite a lot,Quite a lot,None at all,Not very much,None at all,Not very much,Not very much,Quite a lot,Invalid answer
Hindi,Married,Male,Rural,IN-UP Uttar Pradesh,55-64,Lower,Working class,Invalid answer,Invalid answer,People should take more responsibility to provide for themselves,"In the long run, hard work usually brings a better life",No answer,Yes,Invalid answer,Invalid answer,Completely agree,Completely agree,Completely agree,Invalid answer,Never justifiable,Always justifiable,Never justifiable,Always justifiable,Always justifiable,Always justifiable,Always justifiable,Never justifiable,Always justifiable,Never justifiable,Always justifiable,Never justifiable,Never justifiable,Never justifiable,Always justifiable,Not often,Fairly often,No answer,Fairly often,Not often,Fairly often,No answer,No answer,Not often,Rather important,Fairly bad,Fairly good,Fairly good,Fairly bad,Invalid answer,Not an essential characteristic of democracy,An essential characteristic of democracy,An essential characteristic of democracy,Not an essential characteristic of democracy,Agree,Agree strongly,Neither agree nor disagree,Agree,Agree,Agree,Agree strongly,Agree,Our society must be gradually improved by reforms,Bad thing,Bad thing,Bad thing,Not very much,None at all,Not very much,Not very much,Quite a lot,Not very much,Quite a lot,Not very much,Quite a lot,Not very much,Quite a lot,A great deal,Quite a lot,Quite a lot,Quite a lot,Not very much,Not very much,None at all,Not very much,Not very much,Quite a lot,Invalid answer
Hindi,Single,Female,Urban,IN-UP Uttar Pradesh,16-24,Middle,Lower middle class,Invalid answer,Invalid answer,People should take more responsibility to provide for themselves,"In the long run, hard work usually brings a better life",Freedom,No,Invalid answer,Invalid answer,Completely agree,Completely agree,Completely disagree,Invalid answer,Always justifiable,Always justifiable,Never justifiable,Never justifiable,Always justifiable,Never justifiable,Never justifiable,Always justifiable,Always justifiable,Never justifiable,Always justifiable,Never justifiable,Never justifiable,Never justifiable,Always justifiable,Not often,Fairly often,Fairly often,Fairly often,Not often,Fairly often,Very often,Very often,Fairly often,Rather important,Fairly bad,Fairly good,Fairly good,Fairly good,Invalid answer,Invalid answer,Invalid answer,An essential characteristic of democracy,An essential characteristic of democracy,Agree,Disagree,Neither agree nor disagree,Agree,Disagree,Neither agree nor disagree,Agree,Disagree,Our society must be gradually improved by reforms,Don't mind,Bad thing,Bad thing,Not very much,None at all,Quite a lot,Not very much,Quite a lot,Quite a lot,Quite a lot,Not very much,Quite a lot,Not very much,Quite a lot,A great deal,Quite a lot,Quite a lot,Quite a lot,None at all,Not very much,Quite a lot,Quite a lot,Not very much,Quite a lot,Invalid answer
Hindi,Single,Male,Urban,IN-UP Uttar Pradesh,16-24,Higher,Lower middle class,Invalid answer,Invalid answer,People should take more responsibility to provide for themselves,"In the long run, hard work usually brings a better life",Freedom,No,Invalid answer,Invalid answer,Completely agree,Completely agree,Completely disagree,Invalid answer,Always justifiable,Always justifiable,Never justifiable,Never justifiable,Always justifiable,Never justifiable,Never justifiable,Always justifiable,Always justifiable,Never justifiable,Always justifiable,Always justifiable,Never justifiable,Always justifiable,Always justifiable,Not often,Not often,Fairly often,Fairly often,Fairly often,Fairly often,Very often,Very often,Fairly often,Rather important,Fairly bad,Fairly good,Fairly good,Fairly good,Invalid answer,Invalid answer,Invalid answer,An essential characteristic of democracy,An essential characteristic of democracy,Agree,Disagree,Neither agree nor disagree,Agree,Disagree,Agree,Agree strongly,Agree,Our present society must be valiantly defended against all subversive forces,Bad thing,Bad thing,Bad thing,Not very much,None at all,A great deal,Not very much,Quite a lot,Quite a lot,Not very much,Not very much,Not very much,Not very much,Quite a lot,A great deal,Quite a lot,Quite a lot,Quite a lot,None at all,Not very much,Quite a lot,Quite a lot,Quite a lot,Quite a lot,Invalid answer
Hindi,Single,Male,Urban,IN-UP Uttar Pradesh,16-24,Lower,Lower class,Incomes should be made more equal,Invalid answer,People should take more responsibility to provide for themselves,"In the long run, hard work usually brings a better life",No answer,No,Invalid answer,Invalid answer,Completely agree,Completely agree,Completely agree,Invalid answer,Always justifiable,Always justifiable,Never justifiable,Always justifiable,Always justifiable,Never justifiable,Never justifiable,Always justifiable,Always justifiable,Never justifiable,Always justifiable,Always justifiable,Never justifiable,Always justifiable,Always justifiable,Not often,Fairly often,No answer,Fairly often,Not often,Fairly often,No answer,No answer,Fairly often,Not very important,Fairly bad,Fairly good,Fairly good,Fairly bad,Invalid answer,Invalid answer,An essential characteristic of democracy,An essential characteristic of democracy,Not an essential characteristic of democracy,Agree,Disagree,Agree,Disagree,Disagree,Agree,Agree,Agree,Our society must be gradually improved by reforms,Don't mind,Bad thing,Bad thing,None at all,None at all,Quite a lot,Not very much,Not very much,Not very much,None at all,Quite a lot,Quite a lot,Not very much,Quite a lot,A great deal,A great deal,Quite a lot,Quite a lot,Not very much,Not very much,Quite a lot,Not very much,Not very much,Quite a lot,Invalid answer
Hindi,Single,Male,Urban,IN-UP Uttar Pradesh,16-24,Middle,Lower class,Invalid answer,Invalid answer,People should take more responsibility to provide for themselves,"In the long run, hard work usually brings a better life",No answer,No,Invalid answer,Invalid answer,Completely agree,Completely agree,Completely agree,Invalid answer,Always justifiable,Always justifiable,Never justifiable,Always justifiable,Always justifiable,Never justifiable,Never justifiable,Always justifiable,Always justifiable,Never justifiable,Always justifiable,Never justifiable,Always justifiable,Always justifiable,Always justifiable,Not often,Fairly often,No answer,Fairly often,Not often,No answer,No answer,No answer,Fairly often,Not very important,Fairly bad,Fairly good,Fairly good,Fairly bad,Invalid answer,Invalid answer,An essential characteristic of democracy,An essential characteristic of democracy,Not an essential characteristic of democracy,Agree,Disagree,Agree,Disagree,Disagree,Agree,Agree,Agree,Our society must be gradually improved by reforms,Don't mind,Bad thing,Bad thing,None at all,None at all,Not very much,Not very much,Quite a lot,Not very much,Quite a lot,Not very much,Quite a lot,Not very much,Quite a lot,A great deal,Quite a lot,Quite a lot,Quite a lot,None at all,Not very much,Quite a lot,Quite a lot,Not very much,Quite a lot,Invalid answer
Hindi,Single,Male,Urban,IN-UP Uttar Pradesh,16-24,Middle,Lower middle class,Invalid answer,Invalid answer,People should take more responsibility to provide for themselves,"In the long run, hard work usually brings a better life",Freedom,No,Invalid answer,Invalid answer,Completely agree,Completely agree,Completely agree,Invalid answer,Always justifiable,Always justifiable,Never justifiable,Never justifiable,Always justifiable,Never justifiable,Never justifiable,Always justifiable,Always justifiable,Never justifiable,Always justifiable,Never justifiable,Always justifiable,Always justifiable,Always justifiable,Not often,Fairly often,Fairly often,Fairly often,Not often,Fairly often,Very often,Very often,Fairly often,Rather important,Fairly bad,Fairly good,Fairly good,Fairly good,Invalid answer,Invalid answer,An essential characteristic of democracy,An essential characteristic of democracy,Not an essential characteristic of democracy,Agree,Disagree,Neither agree nor disagree,Agree,Disagree,Agree,Agree strongly,Agree,Our present society must be valiantly defended against all subversive forces,Don't mind,Bad thing,Bad thing,Not very much,None at all,Quite a lot,Not very much,Quite a lot,Quite a lot,Not very much,Not very much,Quite a lot,Not very much,Quite a lot,A great deal,Quite a lot,Quite a lot,Quite a lot,None at all,Not very much,Quite a lot,Quite a lot,Quite a lot,Quite a lot,Invalid answer
Hindi,Single,Male,Urban,IN-UP Uttar Pradesh,16-24,Middle,Working class,Invalid answer,Invalid answer,People should take more responsibility to provide for themselves,"In the long run, hard work usually brings a better life",Freedom,No,Invalid answer,Invalid answer,Completely agree,Completely agree,Completely disagree,Invalid answer,Always justifiable,Always justifiable,Never justifiable,Always justifiable,Always justifiable,Never justifiable,Never justifiable,Always justifiable,Always justifiable,Never justifiable,Always justifiable,Always justifiable,Never justifiable,Always justifiable,Always justifiable,Not often,Fairly often,Not often,Fairly often,Not often,Fairly often,Very often,Very often,Fairly often,Rather important,Fairly bad,Fairly good,Fairly good,Fairly good,Invalid answer,Invalid answer,An essential characteristic of democracy,An essential characteristic of democracy,An essential characteristic of democracy,Agree,Disagree,Agree,Agree,Disagree,Agree,Agree strongly,Agree,Our society must be gradually improved by reforms,Don't mind,Bad thing,Bad thing,Not very much,None at all,Quite a lot,Not very much,Quite a lot,Quite a lot,Not very much,Not very much,Quite a lot,Not very much,Quite a lot,A great deal,Quite a lot,Quite a lot,Quite a lot,None at all,Not very much,Quite a lot,Quite a lot,Quite a lot,Quite a lot,Invalid answer
Hindi,Married,Male,Urban,IN-UP Uttar Pradesh,35-44,Middle,Lower middle class,Invalid answer,Invalid answer,People should take more responsibility to provide for themselves,Invalid answer,Freedom,Yes,Invalid answer,Invalid answer,Completely agree,Completely agree,Completely agree,Invalid answer,Always justifiable,Always justifiable,Never justifiable,Never justifiable,Always justifiable,Never justifiable,Never justifiable,Always justifiable,Always justifiable,Never justifiable,Always justifiable,Always justifiable,Always justifiable,Always justifiable,Always justifiable,Not often,Very often,Very often,Fairly often,Fairly often,Fairly often,Very often,Very often,Fairly often,Rather important,Fairly bad,Fairly good,Fairly good,Fairly good,Invalid answer,Invalid answer,An essential characteristic of democracy,An essential characteristic of democracy,An essential characteristic of democracy,Agree,Disagree,Agree,Agree,Agree,Agree,Agree strongly,Agree,Our present society must be valiantly defended against all subversive forces,Bad thing,Bad thing,Bad thing,Not very much,None at all,Quite a lot,Not very much,Quite a lot,Quite a lot,Not very much,Not very much,Quite a lot,Not very much,Quite a lot,Not very much,Quite a lot,Quite a lot,Quite a lot,None at all,Not very much,Quite a lot,Quite a lot,Quite a lot,Quite a lot,Invalid answer
Hindi,Married,Male,Urban,IN-UP Uttar Pradesh,35-44,Middle,Working class,Invalid answer,Invalid answer,People should take more responsibility to provide for themselves,Invalid answer,Freedom,Yes,Invalid answer,Invalid answer,Completely agree,Completely agree,Completely disagree,Invalid answer,Always justifiable,Always justifiable,Never justifiable,Always justifiable,Always justifiable,Never justifiable,Always justifiable,Always justifiable,Always justifiable,Never justifiable,Always justifiable,Always justifiable,Never justifiable,Always justifiable,Always justifiable,Not often,Fairly often,Not often,Fairly often,Fairly often,Fairly often,Very often,Very often,Fairly often,Rather important,Fairly bad,Fairly good,Fairly good,Fairly good,Invalid answer,Not an essential characteristic of democracy,An essential characteristic of democracy,An essential characteristic of democracy,An essential characteristic of democracy,Agree,Disagree,Agree,Agree,Agree,Agree,Agree strongly,Agree,Our present society must be valiantly defended against all subversive forces,Bad thing,Bad thing,Bad thing,Not very much,None at all,A great deal,Quite a lot,Quite a lot,Quite a lot,Not very much,Not very much,Quite a lot,Not very much,Quite a lot,Not very much,Quite a lot,Quite a lot,Quite a lot,None at all,Not very much,Quite a lot,Quite a lot,Quite a lot,Quite a lot,Invalid answer
Hindi,Married,Male,Urban,IN-UP Uttar Pradesh,45-54,Middle,Lower middle class,Invalid answer,Invalid answer,People should take more responsibility to provide for themselves,Invalid answer,Security,Yes,Invalid answer,Invalid answer,Completely agree,Completely agree,Completely agree,Invalid answer,Always justifiable,Always justifiable,Never justifiable,Never justifiable,Always justifiable,Always justifiable,Always justifiable,Always justifiable,Always justifiable,Never justifiable,Always justifiable,Always justifiable,Never justifiable,Never justifiable,Always justifiable,Not often,Not often,Fairly often,Fairly often,Fairly often,Fairly often,Very often,Fairly often,Fairly often,Rather important,Fairly bad,Fairly good,Fairly good,Fairly good,Invalid answer,Invalid answer,An essential characteristic of democracy,An essential characteristic of democracy,An essential characteristic of democracy,Agree,Disagree,Neither agree nor disagree,Agree,Agree,Agree,Agree strongly,Agree,Our present society must be valiantly defended against all subversive forces,Bad thing,Bad thing,Bad thing,Not very much,None at all,Quite a lot,Not very much,Quite a lot,Quite a lot,Not very much,Not very much,Not very much,Not very much,Quite a lot,Not very much,Quite a lot,Quite a lot,Quite a lot,None at all,Not very much,Quite a lot,Quite a lot,Quite a lot,Quite a lot,Invalid answer
