language,marital_status,gender,urban_rural,region,age,education_level,social_class,Q2 - 0,Q2 - 1,Q2 - 2,Q2 - 3,Q3 - 0,Q3 - 1,Q3 - 2,Q3 - 3,Q4 - 0,Q4 - 1,Q4 - 2,Q4 - 3,Q5 - 0,Q5 - 1,Q5 - 2,Q5 - 3,Q6 - 0,Q6 - 1,Q6 - 2,Q6 - 3,Q18 - 0,Q18 - 1,Q18 - 2,Q18 - 3,Q19 - 0,Q19 - 1,Q19 - 2,Q19 - 3,Q20 - 0,Q20 - 1,Q20 - 2,Q20 - 3,Q21 - 0,Q21 - 1,Q21 - 2,Q21 - 3,Q22 - 0,Q22 - 1,Q22 - 2,Q22 - 3,Q23 - 0,Q23 - 1,Q23 - 2,Q23 - 3,Q24 - 0,Q24 - 1,Q24 - 2,Q24 - 3,Q26 - 0,Q26 - 1,Q26 - 2,Q26 - 3,Q27 - 0,Q27 - 1,Q27 - 2,Q27 - 3,Q29 - 0,Q29 - 1,Q29 - 2,Q29 - 3,Q30 - 0,Q30 - 1,Q30 - 2,Q30 - 3,Q31 - 0,Q31 - 1,Q31 - 2,Q31 - 3,Q32 - 0,Q32 - 1,Q32 - 2,Q32 - 3,Q43 - 0,Q43 - 1,Q43 - 2,Q43 - 3,Q44 - 0,Q44 - 1,Q44 - 2,Q44 - 3,Q45 - 0,Q45 - 1,Q45 - 2,Q45 - 3,Q58 - 0,Q58 - 1,Q58 - 2,Q58 - 3,Q59 - 0,Q59 - 1,Q59 - 2,Q59 - 3,Q60 - 0,Q60 - 1,Q60 - 2,Q60 - 3,Q61 - 0,Q61 - 1,Q61 - 2,Q61 - 3,Q62 - 0,Q62 - 1,Q62 - 2,Q62 - 3,Q63 - 0,Q63 - 1,Q63 - 2,Q63 - 3,Q64 - 0,Q64 - 1,Q64 - 2,Q64 - 3,Q66 - 0,Q66 - 1,Q66 - 2,Q66 - 3,Q67 - 0,Q67 - 1,Q67 - 2,Q67 - 3,Q68 - 0,Q68 - 1,Q68 - 2,Q68 - 3,Q72 - 0,Q72 - 1,Q72 - 2,Q72 - 3,Q73 - 0,Q73 - 1,Q73 - 2,Q73 - 3,Q74 - 0,Q74 - 1,Q74 - 2,Q74 - 3,Q77 - 0,Q77 - 1,Q77 - 2,Q77 - 3,Q79 - 0,Q79 - 1,Q79 - 2,Q79 - 3,Q80 - 0,Q80 - 1,Q80 - 2,Q80 - 3,Q81 - 0,Q81 - 1,Q81 - 2,Q81 - 3,Q82 - 0,Q82 - 1,Q82 - 2,Q82 - 3,Q83 - 0,Q83 - 1,Q83 - 2,Q83 - 3,Q106 - 0,Q106 - 1,Q106 - 2,Q106 - 3,Q107 - 0,Q107 - 1,Q107 - 2,Q107 - 3,Q108 - 0,Q108 - 1,Q108 - 2,Q108 - 3,Q110 - 0,Q110 - 1,Q110 - 2,Q110 - 3,Q151 - 0,Q151 - 1,Q151 - 2,Q151 - 3,Q158 - 0,Q158 - 1,Q158 - 2,Q158 - 3,Q159 - 0,Q159 - 1,Q159 - 2,Q159 - 3,Q160 - 0,Q160 - 1,Q160 - 2,Q160 - 3,Q164 - 0,Q164 - 1,Q164 - 2,Q164 - 3
Hindi,Single,Female,Rural,IN-BR Bihar,16-24,Higher,Lower middle class,Rather important,Rather important,Rather important,Very important,Very important,Rather important,Rather important,Not very important,Not at all important,Not at all important,Not very important,Not very important,Very important,Rather important,Not very important,Rather important,Very important,Rather important,Very important,Rather important,Don't know,Don't know,Not mentioned,Don't know,Important,Not mentioned,Don't know,Important,Important,Not mentioned,Don't know,Don't know,Important,Not mentioned,Don't know,Not mentioned,Don't know,Don't know,Not mentioned,Don't know,Not mentioned,Don't know,Important,Don't know,Not mentioned,Not mentioned,Not mentioned,Important,Don't know,Not mentioned,Don't know,Not mentioned,Strongly disagree,Agree,Disagree,Disagree,Agree,Disagree,Disagree,Disagree,Disagree,Disagree,Agree,Agree,Agree strongly,Disagree,Agree,Strongly disagree,Agree strongly,Agree,Disagree,Agree,Don't know,Don't mind,Bad thing,Don't mind,Bad thing,Bad thing,Don't mind,Bad thing,Don't mind,Bad thing,Don't know,Bad thing,Trust completely,Trust somewhat,Trust somewhat,Trust somewhat,Do not trust very much,Do not trust very much,Do not trust very much,Trust somewhat,Trust somewhat,Trust somewhat,Trust somewhat,Trust somewhat,Do not trust very much,Do not trust very much,Do not trust very much,Do not trust very much,Do not trust very much,Do not trust very much,Trust somewhat,Trust somewhat,Do not trust at all,Trust somewhat,Trust somewhat,Trust somewhat,A great deal,A great deal,Not very much,Not very much,None at all,Not very much,None at all,Quite a lot,A great deal,Quite a lot,Not very much,Quite a lot,Not very much,Not very much,Quite a lot,Quite a lot,None at all,Not very much,Quite a lot,Quite a lot,Quite a lot,Quite a lot,Not very much,Quite a lot,Quite a lot,Quite a lot,Quite a lot,Not very much,Quite a lot,Quite a lot,A great deal,Quite a lot,Not very much,Quite a lot,Quite a lot,Quite a lot,A great deal,Not very much,Not very much,Quite a lot,Quite a lot,Not very much,Not very much,Quite a lot,Quite a lot,Quite a lot,Quite a lot,Not very much,None at all,Quite a lot,Not very much,Quite a lot,Invalid answer,Invalid answer,Invalid answer,There should be greater incentives for individual effort,Private ownership of business and industry should be increased,Invalid answer,Invalid answer,Invalid answer,Government should take more responsibility to ensure that everyone is provided for,People should take more responsibility to provide for themselves,Invalid answer,Invalid answer,"In the long run, hard work usually brings a better life","In the long run, hard work usually brings a better life","In the long run, hard work usually brings a better life","In the long run, hard work usually brings a better life",No,No,No,Yes,Invalid answer,Invalid answer,Invalid answer,Invalid answer,Invalid answer,Invalid answer,Invalid answer,Invalid answer,Completely agree,Completely disagree,Completely agree,Invalid answer,Invalid answer,Invalid answer,Invalid answer,Invalid answer
Hindi,Single,Female,Rural,IN-BR Bihar,16-24,Middle,Lower middle class,Rather important,Rather important,Rather important,Very important,Very important,Rather important,Rather important,Not very important,Not at all important,Not at all important,Not very important,Not very important,Very important,Rather important,Not very important,Rather important,Very important,Rather important,Very important,Rather important,Don't know,Don't know,Not mentioned,Don't know,Important,Not mentioned,Don't know,Important,Important,Not mentioned,Don't know,Don't know,Important,Not mentioned,Don't know,Not mentioned,Don't know,Don't know,Not mentioned,Don't know,Don't know,Not mentioned,Important,Not mentioned,Don't know,Not mentioned,Not mentioned,Don't know,Important,Not mentioned,Don't know,Not mentioned,Strongly disagree,Agree,Disagree,Disagree,Agree,Disagree,Disagree,Disagree,Disagree,Disagree,Agree,Agree,Agree strongly,Disagree,Agree,Strongly disagree,Agree strongly,Agree,Disagree,Agree,Don't know,Don't mind,Bad thing,Don't mind,Bad thing,Bad thing,Don't mind,Bad thing,Don't mind,Bad thing,Don't know,Bad thing,Trust completely,Trust somewhat,Trust somewhat,Trust somewhat,Do not trust very much,Do not trust very much,Do not trust very much,Do not trust very much,Trust somewhat,Trust somewhat,Trust somewhat,Trust somewhat,Do not trust very much,Do not trust very much,Do not trust very much,Do not trust very much,Do not trust very much,Do not trust very much,Trust somewhat,Trust somewhat,Do not trust at all,Do not trust very much,Do not trust very much,Do not trust very much,A great deal,Quite a lot,Not very much,Not very much,None at all,None at all,None at all,Quite a lot,A great deal,Quite a lot,Not very much,None at all,Not very much,Not very much,Quite a lot,Quite a lot,None at all,Not very much,Quite a lot,Quite a lot,None at all,Not very much,Not very much,Quite a lot,Quite a lot,Quite a lot,Quite a lot,Not very much,Quite a lot,Quite a lot,A great deal,Quite a lot,Not very much,Quite a lot,Quite a lot,Quite a lot,A great deal,Not very much,Not very much,Quite a lot,None at all,None at all,Not very much,Quite a lot,Quite a lot,Quite a lot,Quite a lot,Not very much,None at all,Not very much,Quite a lot,Quite a lot,Invalid answer,Invalid answer,Invalid answer,Invalid answer,Government ownership of business and industry should be increased,Invalid answer,Invalid answer,Invalid answer,Government should take more responsibility to ensure that everyone is provided for,People should take more responsibility to provide for themselves,Invalid answer,Invalid answer,Hard work doesn't generally bring success—it's more a matter of luck and connections,"In the long run, hard work usually brings a better life",Hard work doesn't generally bring success—it's more a matter of luck and connections,"In the long run, hard work usually brings a better life",No,No,No,Yes,Invalid answer,Invalid answer,Invalid answer,Invalid answer,Invalid answer,Invalid answer,Invalid answer,Invalid answer,Completely agree,Completely disagree,Completely agree,Invalid answer,Invalid answer,Invalid answer,Invalid answer,Invalid answer
Hindi,Married,Female,Rural,IN-BR Bihar,25-34,Higher,Lower middle class,Rather important,Rather important,Rather important,Very important,Very important,Rather important,Rather important,Not very important,Not at all important,Not at all important,Rather important,Rather important,Very important,Rather important,Not very important,Rather important,Very important,Rather important,Very important,Rather important,Don't know,Not mentioned,Not mentioned,Don't know,Important,Not mentioned,Don't know,Important,Important,Not mentioned,Don't know,Don't know,Important,Not mentioned,Don't know,Not mentioned,Don't know,Don't know,Not mentioned,Don't know,Not mentioned,Don't know,Not mentioned,Important,Not mentioned,Not mentioned,Not mentioned,Don't know,Important,Not mentioned,Not mentioned,Don't know,Strongly disagree,Agree,Disagree,Agree,Disagree,Disagree,Disagree,Disagree,Disagree,Agree,Disagree,Agree,Agree strongly,Disagree,Agree,Strongly disagree,Agree strongly,Agree,Disagree,Agree,Don't know,Don't mind,Bad thing,Don't mind,Bad thing,Bad thing,Bad thing,Bad thing,Don't mind,Bad thing,Bad thing,Bad thing,Trust completely,Trust somewhat,Trust somewhat,Trust somewhat,Do not trust very much,Do not trust very much,Trust somewhat,Trust somewhat,Trust completely,Do not trust very much,Trust somewhat,Trust somewhat,Do not trust very much,Do not trust very much,Do not trust very much,Do not trust very much,Trust somewhat,Trust somewhat,Trust somewhat,Trust somewhat,Do not trust very much,Trust somewhat,Trust somewhat,Trust somewhat,A great deal,A great deal,Not very much,Not very much,None at all,Not very much,None at all,Quite a lot,A great deal,Quite a lot,Not very much,Quite a lot,Not very much,Not very much,Quite a lot,Quite a lot,None at all,Not very much,Quite a lot,Quite a lot,Quite a lot,Quite a lot,Not very much,Quite a lot,Quite a lot,Quite a lot,Quite a lot,Not very much,Quite a lot,Not very much,Quite a lot,Not very much,Not very much,Quite a lot,Quite a lot,Quite a lot,A great deal,Not very much,Quite a lot,Quite a lot,None at all,Not very much,Not very much,Quite a lot,Quite a lot,Not very much,Quite a lot,Not very much,None at all,Quite a lot,Not very much,Quite a lot,Invalid answer,Invalid answer,Invalid answer,Invalid answer,Government ownership of business and industry should be increased,Invalid answer,Invalid answer,Invalid answer,Government should take more responsibility to ensure that everyone is provided for,People should take more responsibility to provide for themselves,Invalid answer,Invalid answer,Hard work doesn't generally bring success—it's more a matter of luck and connections,"In the long run, hard work usually brings a better life",Hard work doesn't generally bring success—it's more a matter of luck and connections,"In the long run, hard work usually brings a better life",No,No,No,Yes,Invalid answer,Invalid answer,Invalid answer,Invalid answer,Invalid answer,Invalid answer,Invalid answer,Invalid answer,Completely agree,Completely disagree,Completely agree,Invalid answer,Invalid answer,Invalid answer,Invalid answer,Invalid answer
Hindi,Married,Female,Rural,IN-BR Bihar,45-54,Middle,Lower middle class,Rather important,Rather important,Rather important,Very important,Not very important,Rather important,Rather important,Not very important,Not at all important,Not at all important,Not very important,Not very important,Very important,Rather important,Not very important,Rather important,Very important,Rather important,Very important,Rather important,Don't know,Don't know,Not mentioned,Don't know,Important,Not mentioned,Don't know,Don't know,Important,Not mentioned,Don't know,Don't know,Important,Not mentioned,Don't know,Not mentioned,Don't know,Don't know,Not mentioned,Don't know,Don't know,Not mentioned,Not mentioned,Important,Don't know,Not mentioned,Not mentioned,Don't know,Important,Not mentioned,Don't know,Not mentioned,Strongly disagree,Agree,Disagree,Disagree,Agree,Disagree,Disagree,Disagree,Disagree,Disagree,Agree,Agree,Agree strongly,Disagree,Agree,Strongly disagree,Agree strongly,Agree,Disagree,Agree,Don't know,Don't mind,Bad thing,Don't mind,Bad thing,Bad thing,Bad thing,Bad thing,Don't mind,Bad thing,Don't know,Bad thing,Trust completely,Trust somewhat,Trust somewhat,Trust somewhat,Do not trust very much,Do not trust very much,Do not trust very much,Trust somewhat,Trust somewhat,Trust somewhat,Trust somewhat,Trust somewhat,Do not trust very much,Do not trust very much,Do not trust very much,Do not trust very much,Do not trust very much,Do not trust very much,Trust somewhat,Trust somewhat,Do not trust at all,Do not trust very much,Trust somewhat,Trust somewhat,A great deal,Quite a lot,Not very much,Not very much,None at all,Not very much,None at all,Quite a lot,Quite a lot,Not very much,A great deal,Quite a lot,Not very much,Not very much,Quite a lot,Quite a lot,None at all,Not very much,Quite a lot,Quite a lot,Quite a lot,Quite a lot,Not very much,Quite a lot,Quite a lot,Quite a lot,Quite a lot,Not very much,Quite a lot,Quite a lot,A great deal,Quite a lot,Not very much,Quite a lot,Quite a lot,Quite a lot,A great deal,Not very much,Not very much,Quite a lot,Quite a lot,Not very much,Not very much,Quite a lot,Quite a lot,Quite a lot,Quite a lot,Not very much,None at all,Not very much,Quite a lot,Quite a lot,Invalid answer,Invalid answer,Invalid answer,Invalid answer,Government ownership of business and industry should be increased,Invalid answer,Invalid answer,Invalid answer,Government should take more responsibility to ensure that everyone is provided for,People should take more responsibility to provide for themselves,Invalid answer,Invalid answer,Hard work doesn't generally bring success—it's more a matter of luck and connections,"In the long run, hard work usually brings a better life",Hard work doesn't generally bring success—it's more a matter of luck and connections,"In the long run, hard work usually brings a better life",No,No,No,Yes,Invalid answer,Invalid answer,Invalid answer,Invalid answer,Invalid answer,Invalid answer,Invalid answer,Invalid answer,Completely agree,Completely disagree,Completely agree,Invalid answer,Invalid answer,Invalid answer,Invalid answer,Invalid answer
Hindi,Single,Male,Rural,IN-BR Bihar,16-24,Middle,Lower middle class,Rather important,Rather important,Rather important,Very important,Not very important,Rather important,Rather important,Not very important,Not at all important,Not at all important,Not very important,Not very important,Very important,Rather important,Not very important,Rather important,Very important,Rather important,Very important,Rather important,Don't know,Don't know,Not mentioned,Don't know,Important,Not mentioned,Don't know,Important,Not mentioned,Don't know,Don't know,Don't know,Important,Not mentioned,Don't know,Not mentioned,Don't know,Don't know,Important,Don't know,Not mentioned,Don't know,Important,Don't know,Not mentioned,Not mentioned,Don't know,Important,Important,Not mentioned,Don't know,Not mentioned,Strongly disagree,Agree,Disagree,Disagree,Agree,Agree,Agree,Agree,Disagree,Agree,Disagree,Agree,Agree strongly,Disagree,Agree,Agree strongly,Agree strongly,Agree,Disagree,Agree,Don't know,Don't mind,Bad thing,Don't mind,Bad thing,Bad thing,Don't mind,Bad thing,Don't mind,Bad thing,Don't know,Bad thing,Trust completely,Trust somewhat,Trust somewhat,Trust somewhat,Do not trust very much,Do not trust very much,Do not trust very much,Do not trust very much,Trust somewhat,Trust somewhat,Trust somewhat,Trust somewhat,Do not trust very much,Do not trust very much,Do not trust very much,Do not trust very much,Do not trust very much,Do not trust very much,Trust somewhat,Trust somewhat,Do not trust at all,Do not trust very much,Do not trust very much,Do not trust very much,A great deal,Quite a lot,Not very much,Not very much,None at all,None at all,None at all,Quite a lot,A great deal,Not very much,Quite a lot,Not very much,Not very much,Not very much,Quite a lot,Quite a lot,None at all,Not very much,Quite a lot,Quite a lot,None at all,Not very much,Not very much,Not very much,None at all,None at all,Not very much,Not very much,Quite a lot,Quite a lot,A great deal,Quite a lot,Not very much,Quite a lot,Quite a lot,Quite a lot,A great deal,Not very much,Not very much,Quite a lot,None at all,Not very much,Not very much,Quite a lot,Quite a lot,Quite a lot,Quite a lot,Not very much,None at all,Not very much,Quite a lot,Quite a lot,Invalid answer,Invalid answer,Invalid answer,Invalid answer,Government ownership of business and industry should be increased,Invalid answer,Invalid answer,Invalid answer,Government should take more responsibility to ensure that everyone is provided for,Government should take more responsibility to ensure that everyone is provided for,Invalid answer,Invalid answer,Hard work doesn't generally bring success—it's more a matter of luck and connections,"In the long run, hard work usually brings a better life",Hard work doesn't generally bring success—it's more a matter of luck and connections,"In the long run, hard work usually brings a better life",No,No,No,Yes,Invalid answer,Invalid answer,Invalid answer,Invalid answer,Invalid answer,Invalid answer,Invalid answer,Invalid answer,Completely agree,Completely disagree,Completely agree,Invalid answer,Invalid answer,Invalid answer,Invalid answer,Invalid answer
Hindi,Single,Male,Rural,IN-BR Bihar,16-24,Middle,Upper middle class,Rather important,Rather important,Rather important,Very important,Very important,Rather important,Rather important,Not very important,Not at all important,Not at all important,Rather important,Rather important,Very important,Rather important,Not very important,Rather important,Very important,Rather important,Very important,Rather important,Don't know,Not mentioned,Not mentioned,Don't know,Important,Not mentioned,Don't know,Important,Important,Not mentioned,Don't know,Don't know,Important,Not mentioned,Don't know,Not mentioned,Don't know,Don't know,Important,Don't know,Not mentioned,Don't know,Important,Don't know,Not mentioned,Not mentioned,Don't know,Important,Important,Not mentioned,Not mentioned,Don't know,Strongly disagree,Agree,Disagree,Agree,Disagree,Agree,Disagree,Agree,Disagree,Agree,Disagree,Agree,Agree strongly,Disagree,Agree,Agree strongly,Agree strongly,Agree,Disagree,Agree,Don't know,Don't mind,Bad thing,Don't mind,Bad thing,Bad thing,Bad thing,Don't mind,Don't mind,Bad thing,Don't know,Bad thing,Trust completely,Trust somewhat,Trust somewhat,Trust somewhat,Trust completely,Trust completely,Trust somewhat,Trust somewhat,Trust completely,Do not trust very much,Trust somewhat,Trust somewhat,Do not trust very much,Do not trust very much,Do not trust very much,Do not trust very much,Do not trust very much,Do not trust very much,Trust somewhat,Trust somewhat,Do not trust at all,Trust somewhat,Trust somewhat,Trust somewhat,A great deal,A great deal,Not very much,Not very much,None at all,Not very much,None at all,Quite a lot,A great deal,Quite a lot,Not very much,Quite a lot,Not very much,Not very much,Quite a lot,Quite a lot,None at all,Not very much,Quite a lot,Quite a lot,Not very much,Quite a lot,Not very much,Quite a lot,Quite a lot,Not very much,Quite a lot,Not very much,Quite a lot,Not very much,Quite a lot,Not very much,Not very much,Quite a lot,Quite a lot,Not very much,A great deal,Not very much,Not very much,Quite a lot,A great deal,Quite a lot,Not very much,Quite a lot,Quite a lot,Quite a lot,Quite a lot,Not very much,None at all,Not very much,Quite a lot,Quite a lot,Invalid answer,Invalid answer,Invalid answer,Invalid answer,Government ownership of business and industry should be increased,Invalid answer,Invalid answer,Invalid answer,Government should take more responsibility to ensure that everyone is provided for,Government should take more responsibility to ensure that everyone is provided for,Invalid answer,Invalid answer,Hard work doesn't generally bring success—it's more a matter of luck and connections,"In the long run, hard work usually brings a better life",Invalid answer,"In the long run, hard work usually brings a better life",No,No,No,Yes,Invalid answer,Invalid answer,Invalid answer,Invalid answer,Invalid answer,Invalid answer,Invalid answer,Invalid answer,Completely agree,Completely disagree,Completely agree,Invalid answer,Invalid answer,Invalid answer,Invalid answer,Invalid answer
Hindi,Married,Male,Rural,IN-BR Bihar,25-34,Higher,Lower middle class,Rather important,Very important,Rather important,Very important,Not very important,Rather important,Rather important,Not very important,Not at all important,Not at all important,Rather important,Rather important,Very important,Rather important,Not very important,Rather important,Very important,Rather important,Very important,Rather important,Don't know,Not mentioned,Not mentioned,Don't know,Important,Not mentioned,Don't know,Important,Important,Not mentioned,Don't know,Not mentioned,Important,Not mentioned,Don't know,Not mentioned,Don't know,Don't know,Important,Don't know,Not mentioned,Don't know,Important,Don't know,Not mentioned,Not mentioned,Not mentioned,Important,Don't know,Not mentioned,Not mentioned,Don't know,Strongly disagree,Agree,Disagree,Agree,Disagree,Disagree,Disagree,Disagree,Disagree,Agree,Disagree,Agree,Agree strongly,Disagree,Agree,Agree strongly,Agree,Agree strongly,Disagree,Agree,Don't know,Don't mind,Bad thing,Don't mind,Bad thing,Bad thing,Bad thing,Bad thing,Don't mind,Bad thing,Bad thing,Bad thing,Do not trust at all,Trust somewhat,Trust somewhat,Trust somewhat,Do not trust very much,Do not trust very much,Trust somewhat,Trust somewhat,Trust completely,Do not trust very much,Trust somewhat,Trust somewhat,Do not trust very much,Do not trust very much,Do not trust very much,Do not trust very much,Do not trust very much,Do not trust very much,Trust somewhat,Trust somewhat,Do not trust at all,Trust somewhat,Trust somewhat,Trust somewhat,A great deal,A great deal,Not very much,Not very much,None at all,Not very much,None at all,Quite a lot,A great deal,Quite a lot,Not very much,Quite a lot,Not very much,Not very much,Quite a lot,Quite a lot,None at all,Not very much,Quite a lot,Quite a lot,Quite a lot,Quite a lot,Not very much,Quite a lot,Quite a lot,Not very much,Quite a lot,Not very much,Quite a lot,Not very much,Quite a lot,Not very much,Not very much,Quite a lot,Quite a lot,Quite a lot,A great deal,Not very much,Not very much,Quite a lot,Quite a lot,Not very much,Not very much,Quite a lot,Quite a lot,Not very much,Quite a lot,Not very much,None at all,Not very much,Quite a lot,Quite a lot,Invalid answer,Invalid answer,Invalid answer,Invalid answer,Government ownership of business and industry should be increased,Invalid answer,Invalid answer,Invalid answer,Government should take more responsibility to ensure that everyone is provided for,Government should take more responsibility to ensure that everyone is provided for,Invalid answer,Invalid answer,Hard work doesn't generally bring success—it's more a matter of luck and connections,"In the long run, hard work usually brings a better life",Hard work doesn't generally bring success—it's more a matter of luck and connections,"In the long run, hard work usually brings a better life",No,No,No,Yes,Invalid answer,Invalid answer,Invalid answer,Invalid answer,Invalid answer,Invalid answer,Invalid answer,Invalid answer,Completely agree,Completely disagree,Completely agree,Invalid answer,Invalid answer,Invalid answer,Invalid answer,Invalid answer
Hindi,Married,Male,Rural,IN-BR Bihar,25-34,Middle,Lower middle class,Rather important,Rather important,Rather important,Very important,Not very important,Rather important,Rather important,Not very important,Not at all important,Not at all important,Not very important,Not very important,Very important,Rather important,Not very important,Rather important,Very important,Rather important,Very important,Rather important,Don't know,Not mentioned,Not mentioned,Don't know,Important,Not mentioned,Don't know,Important,Not mentioned,Don't know,Don't know,Don't know,Important,Not mentioned,Don't know,Not mentioned,Don't know,Don't know,Important,Don't know,Not mentioned,Don't know,Important,Don't know,Not mentioned,Not mentioned,Not mentioned,Don't know,Important,Not mentioned,Not mentioned,Don't know,Strongly disagree,Agree,Disagree,Disagree,Agree,Agree,Agree,Agree,Disagree,Agree,Disagree,Agree,Agree strongly,Disagree,Agree,Agree strongly,Agree strongly,Agree,Disagree,Agree,Good thing,Bad thing,Bad thing,Don't mind,Bad thing,Bad thing,Bad thing,Bad thing,Don't mind,Bad thing,Don't know,Bad thing,Trust completely,Trust somewhat,Trust somewhat,Trust somewhat,Do not trust very much,Do not trust very much,Do not trust very much,Trust somewhat,Trust somewhat,Trust somewhat,Trust somewhat,Trust somewhat,Do not trust very much,Do not trust very much,Do not trust very much,Do not trust very much,Do not trust very much,Do not trust very much,Trust somewhat,Trust somewhat,Do not trust at all,Do not trust very much,Trust somewhat,Trust somewhat,A great deal,Quite a lot,Not very much,Not very much,None at all,Not very much,None at all,Quite a lot,A great deal,Quite a lot,Not very much,Quite a lot,Not very much,Not very much,Quite a lot,Quite a lot,None at all,Not very much,Quite a lot,Quite a lot,Quite a lot,Quite a lot,Not very much,Quite a lot,Quite a lot,Not very much,Quite a lot,Not very much,Quite a lot,Quite a lot,A great deal,Quite a lot,Not very much,Quite a lot,Quite a lot,Quite a lot,A great deal,Not very much,Not very much,Quite a lot,A great deal,Quite a lot,Not very much,Quite a lot,Quite a lot,Quite a lot,Quite a lot,Not very much,None at all,Not very much,Quite a lot,Quite a lot,Invalid answer,Invalid answer,Invalid answer,Invalid answer,Government ownership of business and industry should be increased,Invalid answer,Invalid answer,Invalid answer,Government should take more responsibility to ensure that everyone is provided for,Government should take more responsibility to ensure that everyone is provided for,Invalid answer,Invalid answer,Hard work doesn't generally bring success—it's more a matter of luck and connections,"In the long run, hard work usually brings a better life",Hard work doesn't generally bring success—it's more a matter of luck and connections,"In the long run, hard work usually brings a better life",No,No,No,Yes,Invalid answer,Invalid answer,Invalid answer,Invalid answer,Invalid answer,Invalid answer,Invalid answer,Invalid answer,Completely agree,Completely disagree,Completely agree,Invalid answer,Invalid answer,Invalid answer,Invalid answer,Invalid answer
Hindi,Single,Male,Rural,IN-BR Bihar,25-34,Higher,Lower middle class,Rather important,Rather important,Rather important,Very important,Very important,Rather important,Rather important,Not very important,Not at all important,Not at all important,Not very important,Not very important,Very important,Rather important,Not very important,Rather important,Very important,Rather important,Very important,Rather important,Don't know,Not mentioned,Not mentioned,Don't know,Important,Not mentioned,Don't know,Important,Important,Not mentioned,Don't know,Don't know,Important,Not mentioned,Don't know,Not mentioned,Don't know,Don't know,Important,Don't know,Not mentioned,Don't know,Important,Don't know,Not mentioned,Not mentioned,Don't know,Important,Important,Not mentioned,Not mentioned,Don't know,Strongly disagree,Agree,Disagree,Disagree,Agree,Agree,Agree,Agree,Disagree,Agree,Disagree,Agree,Agree strongly,Disagree,Agree,Agree strongly,Agree,Agree strongly,Disagree,Agree,Don't know,Don't mind,Bad thing,Don't mind,Bad thing,Bad thing,Bad thing,Bad thing,Don't mind,Bad thing,Don't know,Bad thing,Trust completely,Trust somewhat,Trust somewhat,Trust somewhat,Do not trust very much,Do not trust very much,Do not trust very much,Trust somewhat,Trust somewhat,Trust somewhat,Trust somewhat,Trust somewhat,Do not trust very much,Do not trust very much,Do not trust very much,Do not trust very much,Do not trust very much,Do not trust very much,Trust somewhat,Trust somewhat,Do not trust at all,Trust somewhat,Trust somewhat,Trust somewhat,A great deal,A great deal,Not very much,Not very much,None at all,Not very much,None at all,Quite a lot,A great deal,Quite a lot,Not very much,Quite a lot,Not very much,Not very much,Quite a lot,Quite a lot,None at all,Not very much,Quite a lot,Quite a lot,Quite a lot,Quite a lot,Not very much,Quite a lot,Quite a lot,Not very much,Quite a lot,Not very much,Quite a lot,Not very much,Quite a lot,Not very much,Not very much,Quite a lot,Quite a lot,Quite a lot,A great deal,Not very much,Not very much,Quite a lot,Quite a lot,Not very much,Not very much,Quite a lot,Quite a lot,Not very much,Quite a lot,Not very much,None at all,Quite a lot,Not very much,Quite a lot,Invalid answer,Invalid answer,Invalid answer,Invalid answer,Government ownership of business and industry should be increased,Invalid answer,Invalid answer,Invalid answer,Government should take more responsibility to ensure that everyone is provided for,Government should take more responsibility to ensure that everyone is provided for,Invalid answer,Invalid answer,Hard work doesn't generally bring success—it's more a matter of luck and connections,"In the long run, hard work usually brings a better life",Hard work doesn't generally bring success—it's more a matter of luck and connections,"In the long run, hard work usually brings a better life",No,No,No,Yes,Invalid answer,Invalid answer,Invalid answer,Invalid answer,Invalid answer,Invalid answer,Invalid answer,Invalid answer,Completely agree,Completely disagree,Completely agree,Invalid answer,Invalid answer,Invalid answer,Invalid answer,Invalid answer
Hindi,Married,Male,Rural,IN-BR Bihar,35-44,Middle,Lower middle class,Rather important,Rather important,Rather important,Very important,Not very important,Rather important,Rather important,Not very important,Not at all important,Not at all important,Rather important,Rather important,Very important,Rather important,Not very important,Rather important,Very important,Rather important,Very important,Rather important,Don't know,Don't know,Not mentioned,Not mentioned,Important,Not mentioned,Don't know,Important,Not mentioned,Don't know,Don't know,Not mentioned,Important,Not mentioned,Don't know,Not mentioned,Don't know,Don't know,Not mentioned,Don't know,Don't know,Not mentioned,Important,Not mentioned,Don't know,Not mentioned,Not mentioned,Don't know,Important,Not mentioned,Don't know,Not mentioned,Strongly disagree,Agree,Disagree,Disagree,Agree,Agree,Agree,Agree,Disagree,Agree,Agree strongly,Agree,Agree strongly,Disagree,Agree,Agree strongly,Agree strongly,Agree,Disagree,Agree,Good thing,Bad thing,Bad thing,Don't mind,Bad thing,Bad thing,Bad thing,Bad thing,Don't mind,Bad thing,Bad thing,Bad thing,Do not trust at all,Trust somewhat,Trust somewhat,Trust somewhat,Do not trust very much,Do not trust very much,Do not trust very much,Trust somewhat,Trust somewhat,Trust somewhat,Trust somewhat,Trust somewhat,Do not trust very much,Do not trust very much,Do not trust very much,Do not trust very much,Do not trust very much,Trust somewhat,Trust somewhat,Trust somewhat,Do not trust at all,Do not trust very much,Trust somewhat,Trust somewhat,A great deal,Quite a lot,Not very much,Quite a lot,None at all,Quite a lot,Not very much,Quite a lot,A great deal,Quite a lot,Not very much,Quite a lot,Not very much,Quite a lot,Quite a lot,Quite a lot,None at all,Not very much,Quite a lot,Quite a lot,A great deal,Quite a lot,Not very much,Quite a lot,Quite a lot,Not very much,Quite a lot,Not very much,Quite a lot,Quite a lot,A great deal,Quite a lot,Not very much,Quite a lot,Quite a lot,Quite a lot,A great deal,Not very much,Quite a lot,Quite a lot,None at all,Not very much,Not very much,Quite a lot,Quite a lot,Quite a lot,Quite a lot,Not very much,None at all,Quite a lot,Not very much,Quite a lot,Invalid answer,Invalid answer,Invalid answer,Invalid answer,Government ownership of business and industry should be increased,Invalid answer,Invalid answer,Invalid answer,Government should take more responsibility to ensure that everyone is provided for,Government should take more responsibility to ensure that everyone is provided for,Invalid answer,Invalid answer,Hard work doesn't generally bring success—it's more a matter of luck and connections,"In the long run, hard work usually brings a better life",Hard work doesn't generally bring success—it's more a matter of luck and connections,"In the long run, hard work usually brings a better life",No,No,No,Yes,Invalid answer,Invalid answer,Invalid answer,Invalid answer,Invalid answer,Invalid answer,Invalid answer,Invalid answer,Completely agree,Completely disagree,Completely agree,Invalid answer,Invalid answer,Invalid answer,Invalid answer,Invalid answer
Hindi,Married,Male,Rural,IN-BR Bihar,45-54,Lower,Upper middle class,Rather important,Rather important,Rather important,Very important,Not very important,Rather important,Rather important,Not very important,Not at all important,Not at all important,Rather important,Rather important,Very important,Rather important,Not very important,Rather important,Very important,Rather important,Very important,Rather important,Don't know,Not mentioned,Not mentioned,Don't know,Important,Not mentioned,Don't know,Important,Not mentioned,Don't know,Don't know,Don't know,Important,Not mentioned,Don't know,Not mentioned,Don't know,Don't know,Not mentioned,Don't know,Not mentioned,Not mentioned,Important,Don't know,Not mentioned,Not mentioned,Not mentioned,Important,Don't know,Not mentioned,Not mentioned,Not mentioned,Agree strongly,Agree,Agree strongly,Agree,Disagree,Disagree,Disagree,Disagree,Disagree,Agree,Disagree,Agree,Agree strongly,Disagree,Agree,Agree strongly,Agree strongly,Agree,Disagree,Agree,Don't know,Don't mind,Bad thing,Don't mind,Bad thing,Bad thing,Bad thing,Bad thing,Don't mind,Bad thing,Bad thing,Bad thing,Trust completely,Trust somewhat,Trust somewhat,Trust somewhat,Trust completely,Trust completely,Do not trust very much,Trust somewhat,Trust completely,Trust somewhat,Trust completely,Trust somewhat,Do not trust very much,Do not trust very much,Do not trust very much,Do not trust very much,Do not trust very much,Do not trust very much,Trust somewhat,Trust somewhat,Do not trust at all,Do not trust very much,Trust somewhat,Trust somewhat,A great deal,Quite a lot,Not very much,Not very much,None at all,Not very much,None at all,Quite a lot,A great deal,Quite a lot,Not very much,Quite a lot,Not very much,Not very much,Quite a lot,Quite a lot,None at all,Not very much,Quite a lot,Quite a lot,Not very much,Quite a lot,Not very much,Quite a lot,Quite a lot,Not very much,Quite a lot,Not very much,Quite a lot,Not very much,Quite a lot,Not very much,Not very much,Quite a lot,Quite a lot,Quite a lot,A great deal,Not very much,Not very much,Quite a lot,A great deal,A great deal,Not very much,Quite a lot,Quite a lot,Quite a lot,Quite a lot,Not very much,None at all,Not very much,Quite a lot,Quite a lot,Invalid answer,Invalid answer,Invalid answer,Invalid answer,Government ownership of business and industry should be increased,Invalid answer,Invalid answer,Invalid answer,People should take more responsibility to provide for themselves,Government should take more responsibility to ensure that everyone is provided for,Invalid answer,Invalid answer,Hard work doesn't generally bring success—it's more a matter of luck and connections,"In the long run, hard work usually brings a better life",Invalid answer,"In the long run, hard work usually brings a better life",No,No,No,Yes,Invalid answer,Invalid answer,Invalid answer,Invalid answer,Invalid answer,Invalid answer,Invalid answer,Invalid answer,Completely agree,Completely disagree,Completely agree,Invalid answer,Invalid answer,Invalid answer,Invalid answer,Invalid answer
Hindi,Married,Male,Rural,IN-BR Bihar,45-54,Middle,Lower middle class,Rather important,Rather important,Rather important,Very important,Not very important,Rather important,Rather important,Not very important,Not at all important,Not at all important,Rather important,Rather important,Very important,Rather important,Not very important,Rather important,Very important,Rather important,Very important,Rather important,Don't know,Don't know,Not mentioned,Not mentioned,Important,Not mentioned,Don't know,Don't know,Important,Not mentioned,Don't know,Don't know,Important,Not mentioned,Don't know,Not mentioned,Don't know,Don't know,Not mentioned,Don't know,Not mentioned,Don't know,Important,Don't know,Not mentioned,Not mentioned,Not mentioned,Don't know,Important,Not mentioned,Don't know,Not mentioned,Strongly disagree,Agree,Disagree,Disagree,Agree,Agree,Agree,Agree,Disagree,Agree,Disagree,Agree,Agree strongly,Disagree,Agree,Agree strongly,Agree strongly,Agree,Disagree,Agree,Don't know,Don't mind,Bad thing,Don't mind,Bad thing,Bad thing,Bad thing,Bad thing,Don't mind,Bad thing,Don't know,Bad thing,Trust completely,Trust somewhat,Trust somewhat,Trust somewhat,Do not trust very much,Do not trust very much,Do not trust very much,Trust somewhat,Trust somewhat,Trust somewhat,Trust somewhat,Trust somewhat,Do not trust very much,Do not trust very much,Do not trust very much,Do not trust very much,Do not trust very much,Do not trust very much,Trust somewhat,Trust somewhat,Do not trust at all,Do not trust very much,Trust somewhat,Do not trust very much,A great deal,Quite a lot,Not very much,Not very much,None at all,Not very much,None at all,Quite a lot,A great deal,Quite a lot,Not very much,Quite a lot,Not very much,Not very much,Quite a lot,Quite a lot,None at all,Not very much,Quite a lot,Quite a lot,Quite a lot,Quite a lot,Not very much,Quite a lot,Quite a lot,Not very much,Quite a lot,Not very much,Quite a lot,Quite a lot,A great deal,Quite a lot,Not very much,Quite a lot,Quite a lot,Quite a lot,A great deal,Not very much,Not very much,Quite a lot,None at all,Not very much,Not very much,Quite a lot,Quite a lot,Quite a lot,Quite a lot,Not very much,None at all,Not very much,Quite a lot,Quite a lot,Invalid answer,Invalid answer,Invalid answer,Invalid answer,Government ownership of business and industry should be increased,Invalid answer,Invalid answer,Invalid answer,Government should take more responsibility to ensure that everyone is provided for,Government should take more responsibility to ensure that everyone is provided for,Invalid answer,Invalid answer,Hard work doesn't generally bring success—it's more a matter of luck and connections,"In the long run, hard work usually brings a better life",Hard work doesn't generally bring success—it's more a matter of luck and connections,"In the long run, hard work usually brings a better life",No,No,No,Yes,Invalid answer,Invalid answer,Invalid answer,Invalid answer,Invalid answer,Invalid answer,Invalid answer,Invalid answer,Completely agree,Completely disagree,Completely agree,Invalid answer,Invalid answer,Invalid answer,Invalid answer,Invalid answer
Hindi,Married,Male,Rural,IN-BR Bihar,55-64,Middle,Lower middle class,Rather important,Rather important,Rather important,Very important,Not very important,Rather important,Rather important,Not very important,Not at all important,Not at all important,Rather important,Rather important,Very important,Rather important,Not very important,Rather important,Very important,Rather important,Very important,Rather important,Don't know,Don't know,Not mentioned,Don't know,Important,Not mentioned,Don't know,Don't know,Important,Not mentioned,Don't know,Don't know,Important,Not mentioned,Don't know,Not mentioned,Don't know,Don't know,Not mentioned,Don't know,Not mentioned,Don't know,Important,Don't know,Not mentioned,Not mentioned,Not mentioned,Don't know,Important,Not mentioned,Not mentioned,Don't know,Strongly disagree,Agree,Disagree,Agree,Disagree,Disagree,Disagree,Disagree,Disagree,Agree,Disagree,Agree,Agree strongly,Disagree,Agree,Agree strongly,Agree strongly,Agree,Disagree,Agree,Don't know,Don't mind,Bad thing,Don't mind,Bad thing,Bad thing,Bad thing,Bad thing,Don't mind,Bad thing,Bad thing,Bad thing,Trust completely,Trust somewhat,Trust somewhat,Trust somewhat,Do not trust very much,Do not trust very much,Do not trust very much,Trust somewhat,Trust somewhat,Trust somewhat,Trust somewhat,Trust somewhat,Do not trust very much,Do not trust very much,Do not trust very much,Do not trust very much,Do not trust very much,Do not trust very much,Trust somewhat,Trust somewhat,Do not trust at all,Do not trust very much,Trust somewhat,Trust somewhat,A great deal,Quite a lot,Not very much,Not very much,None at all,None at all,None at all,Quite a lot,A great deal,Quite a lot,Not very much,Quite a lot,Not very much,Not very much,Quite a lot,Quite a lot,None at all,Not very much,Quite a lot,Quite a lot,Quite a lot,Quite a lot,Not very much,Quite a lot,Quite a lot,Quite a lot,Quite a lot,Not very much,Quite a lot,Quite a lot,A great deal,Quite a lot,Not very much,Quite a lot,Quite a lot,Quite a lot,A great deal,Not very much,Not very much,Quite a lot,None at all,Not very much,Not very much,Quite a lot,Quite a lot,Quite a lot,Quite a lot,Not very much,None at all,Not very much,Quite a lot,Quite a lot,Invalid answer,Invalid answer,Invalid answer,Invalid answer,Government ownership of business and industry should be increased,Invalid answer,Invalid answer,Invalid answer,Government should take more responsibility to ensure that everyone is provided for,Government should take more responsibility to ensure that everyone is provided for,Invalid answer,Invalid answer,Hard work doesn't generally bring success—it's more a matter of luck and connections,"In the long run, hard work usually brings a better life",Hard work doesn't generally bring success—it's more a matter of luck and connections,"In the long run, hard work usually brings a better life",No,No,No,Yes,Invalid answer,Invalid answer,Invalid answer,Invalid answer,Invalid answer,Invalid answer,Invalid answer,Invalid answer,Completely agree,Completely disagree,Completely agree,Invalid answer,Invalid answer,Invalid answer,Invalid answer,Invalid answer
Hindi,Single,Male,Urban,IN-BR Bihar,16-24,Middle,Upper middle class,Rather important,Rather important,Rather important,Very important,Very important,Rather important,Rather important,Rather important,Not at all important,Not very important,Rather important,Rather important,Very important,Rather important,Not very important,Rather important,Very important,Rather important,Very important,Rather important,Don't know,Not mentioned,Not mentioned,Don't know,Important,Not mentioned,Don't know,Important,Important,Not mentioned,Don't know,Don't know,Important,Not mentioned,Don't know,Not mentioned,Don't know,Don't know,Important,Don't know,Not mentioned,Not mentioned,Important,Don't know,Not mentioned,Not mentioned,Don't know,Important,Important,Not mentioned,Not mentioned,Don't know,Strongly disagree,Agree,Disagree,Agree,Disagree,Disagree,Disagree,Disagree,Disagree,Agree,Disagree,Agree,Agree strongly,Disagree,Agree,Agree strongly,Agree strongly,Agree,Disagree,Agree,Don't know,Don't mind,Bad thing,Don't mind,Bad thing,Bad thing,Bad thing,Bad thing,Don't mind,Bad thing,Don't know,Bad thing,Trust completely,Trust somewhat,Trust somewhat,Trust somewhat,Trust completely,Trust completely,Trust somewhat,Trust somewhat,Trust completely,Do not trust very much,Trust somewhat,Trust somewhat,Do not trust very much,Do not trust very much,Do not trust very much,Do not trust very much,Trust somewhat,Trust somewhat,Trust somewhat,Trust somewhat,Do not trust very much,Trust somewhat,Trust somewhat,Trust somewhat,A great deal,A great deal,Not very much,Not very much,None at all,Not very much,None at all,Quite a lot,A great deal,Quite a lot,A great deal,Quite a lot,Not very much,Quite a lot,Quite a lot,Quite a lot,None at all,Not very much,Quite a lot,Quite a lot,Not very much,Quite a lot,Not very much,Quite a lot,Quite a lot,Not very much,Quite a lot,Not very much,Quite a lot,Not very much,Quite a lot,Not very much,Not very much,Quite a lot,Quite a lot,Not very much,A great deal,Not very much,Quite a lot,Quite a lot,None at all,Not very much,Not very much,Quite a lot,Quite a lot,Not very much,Quite a lot,Not very much,None at all,Not very much,Quite a lot,Quite a lot,Invalid answer,Invalid answer,Invalid answer,Invalid answer,Government ownership of business and industry should be increased,Invalid answer,Invalid answer,Invalid answer,Government should take more responsibility to ensure that everyone is provided for,People should take more responsibility to provide for themselves,Invalid answer,Invalid answer,Hard work doesn't generally bring success—it's more a matter of luck and connections,"In the long run, hard work usually brings a better life",Invalid answer,"In the long run, hard work usually brings a better life",No,No,No,Yes,Invalid answer,Invalid answer,Invalid answer,Invalid answer,Invalid answer,Invalid answer,Invalid answer,Invalid answer,Completely agree,Completely disagree,Completely agree,Invalid answer,Invalid answer,Invalid answer,Invalid answer,Invalid answer
