A_YEAR: Year of survey,N_REGION_ISO: Region ISO 3166-2,H_URBRURAL: Urban-Rural,Q260: Sex,X003R: Age recoded (6 intervals),Q272: Language at home,Q273: Marital status,Q275R: Highest educational level: Respondent (recoded into 3 groups),Q287: Social class (subjective),Counts,B_COUNTRY: ISO 3166-1 numeric country code,S_INTLANGUAGE: Language in which interview was conducted,Q262: Age,Q279: Employment status,Q289: Religious denominations - major groups,Q2: Important in life: Friends,Q3: Important in life: Leisure time,Q4: Important in life: Politics,Q5: Important in life: Work,Q6: Important in life: Religion,Q18: Neighbors: Drug addicts,Q19: Neighbors: People of a different race,Q20: Neighbors: People who have AIDS,Q21: Neighbors: Immigrants/foreign workers,Q22: Neighbors: Homosexuals,Q23: Neighbors: People of a different religion,Q24: Neighbors: Heavy drinkers,Q25: Neighbors: Unmarried couples living together,Q26: Neighbors: People who speak a different language,Q27: One of main goals in life has been to make my parents proud,Q28: Pre-school child suffers with working mother,Q29: Men make better political leaders than women do,Q30: University is more important for a boy than for a girl,Q31: Men make better business executives than women do,Q32: Being a housewife just as fulfilling,Q33: Jobs scarce: Men should have more right to a job than women,Q34: Jobs scarce: Employers should give priority to (nation) people than immigrants,Q35: Problem if women have more income than husband,Q36: Homosexual couples are as good parents as other couples,Q37: Duty towards society to have children,Q38: It is children duty to take care of ill parent,Q39: People who don't work turn lazy,Q40: Work is a duty towards society,Q41: Work should  always come first even if it means less spare time,Q42: Basic kinds of attitudes concerning society,Q43: Future changes: Less importance placed on work,Q44: Future changes: More emphasis on technology,Q45: Future changes: Greater respect for authority,Q58: Trust: Your family,Q59: Trust: Your neighborhood,Q60: Trust: People you know personally,Q61: Trust: People you meet for the first time,Q62: Trust: People of another religion,Q63: Trust: People of another nationality,Q64: Confidence: Churches,Q65: Confidence: Armed Forces,Q66: Confidence: The Press,Q67: Confidence: Television,Q68: Confidence: Labor Unions,Q69: Confidence: The Police,Q70: Confidence: Justice System/Courts,Q71: Confidence: The Government,Q72: Confidence: The Political Parties,Q73: Confidence: Parliament,Q74: Confidence: The Civil Services,Q75: Confidence: Universities,Q76: Confidence: Elections,Q77: Confidence: Major Companies,Q78: Confidence: Banks,Q79: Confidence: The Environmental Protection Movement,Q80: Confidence: The Women's Movement,Q81: Confidence: Charitable or humanitarian organizations,Q82: Confidence: Major regional organization (combined from country-specific),Q83: Confidence: The United Nations (UN),Q84: Confidence: International Monetary Found (IMF),Q85: Confidence: International Criminal Court (ICC),Q86: Confidence: North Atlantic Treaty Organization (NATO),Q87: Confidence: The World Bank (WB),Q88: Confidence: The World Health Organization (WHO),Q89: Confidence: The World Trade Organization (WTO),Q90: International organizations: being effective vs being democratic,Q106: Incomes should be made more equal vs There should be greater incentives for individual effort,Q107: Private vs state ownership of business,Q108: Government's vs individual's responsibility,Q109: Competition good or harmful,Q110: Success: hard work vs luck,Q111: Protecting environment vs. Economic growth,Q112: Perceptions of corruption in the country,Q113: Involved in corruption: State authorities,Q114: Involved in corruption: Business executives,Q115: Involved in corruption: Local authorities,Q116: Involved in corruption: Civil service providers,Q117: Involved in corruption: Journalists and media,"Q119: Degree of agreement: On the whole, women are less corrupt than men",Q120: Risk to be held accountable for giving or receiving a bribe,Q121: Impact of immigrants on the development of the country,Q122: Immigration in your country: Fills useful jobs in the workforce,Q123: Immigration in your country: Strengthens cultural diversity,Q124: Immigration in your country: Increases the crime rate,Q125: Immigration in your country: Gives asylum to political refugees,Q126: Immigration in your country: Increases the risks of terrorism,Q127: Immigration in your country: Helps poor people establish new lives,Q128: Immigration in your country: Increases unemployment,Q129: Immigration in your country: Leads to social conflict,Q130: Immigration policy preference,Q142: Worries: Losing my job or not finding a job,Q143: Worries: Not being able to give one's children a good education,Q149: Freedom and Equality - Which more important,Q150: Freedom and security - Which more important,Q151: Willingness to fight for country,Q152: Aims of country: first choice,Q153: Aims of country: second choice,Q154: Aims of respondent: first choice,Q155: Aims of respondent: second choice,Q156: Most important: first choice,Q157: Most important: second choice,"Q158: Science and technology are making our lives healthier, easier, and more comfortable","Q159: Because of science and technology, there will be more opportunities for the next generation",Q160: We depend too much on science and not enough on faith,Q161: One of the bad effects of science is that it breaks down people’s ideas of right and wrong,Q162: It is not important for me to know about science in my daily life,"Q163: The world is better off, or worse off, because of science and technology",Q164: Importance of God,Q165: Believe in: God,Q166: Believe in: life after death,Q167: Believe in: hell,Q168: Believe in: heaven,"Q169: Whenever science and religion conflict,  religion is always right",Q170: The only acceptable religion  is my religion,Q174: Meaning of religion: To follow religious norms and ceremonies vs To do good to other people,Q175: Meaning of religion: To make sense of life after death vs To make sense of life in this world,Q176: Degree of agreement: Nowadays one often has trouble deciding which moral rules are the right ones to follow,Q177: Justifiable: Claiming government benefits to which you are not entitled,Q178: Justifiable: Avoiding a fare on public transport,Q179: Justifiable: Stealing property,Q180: Justifiable: Cheating on taxes,Q181: Justifiable: Someone accepting a bribe in the course of their duties,Q182: Justifiable: Homosexuality,Q183: Justifiable: Prostitution,Q184: Justifiable: Abortion,Q185: Justifiable: Divorce,Q186: Justifiable: Sex before marriage,Q187: Justifiable: Suicide,Q188: Justifiable: Euthanasia,Q189: Justifiable: For a man to beat his wife,Q190: Justifiable: Parents beating children,Q191: Justifiable: Violence against other people,"Q192: Justifiable: Terrorism as a political, ideological or religious mean",Q193: Justifiable: Having casual sex,Q194: Justifiable: Political violence,Q195: Justifiable: Death penalty,Q196: Government has the right: Keep people under video surveillance in public areas,Q197: Government has the right: Monitor all e-mails and any other information exchanged on the Internet,Q198: Government has the right: Collect information about anyone living in [COUNTRY] without their knowledge,Q224: How often in country's elections: Votes are counted fairly,Q225: How often in country's elections: Opposition candidates are prevented from running,Q226: How often in country's elections: TV news favors the governing party,Q227: How often in country's elections: Voters are bribed,Q228: How often in country's elections: Journalists provide fair coverage of elections,Q229: How often in country's elections: Election officials are fair,Q230: How often in country's elections: Rich people buy elections,Q231: How often in country's elections: Voters are threatened with  violence at the polls,Q232: How often in country's elections: Voters are offered a genuine choice in the elections,Q233: How often in country's elections: Women have equal opportunities to run the office,Q234: Some people think that having honest elections makes a lot of difference in their lives;  other people think that it doesn’t matter much,Q235: Political system: Having a strong leader who does not have to bother with parliament and elections,"Q236: Political system: Having experts, not government, make decisions according to what they think is best for the country",Q237: Political system: Having the army rule,Q238: Political system: Having a democratic political system,Q239: Political system: Having a system governed by religious law in which there are no political parties or elections,Q241: Democracy: Governments tax the rich and subsidize the poor,Q242: Democracy: Religious authorities interpret the laws,Q243: Democracy: People choose their leaders in free elections,Q244: Democracy: People receive state aid for unemployment,Q245: Democracy: The army takes over when government is incompetent,Q246: Democracy: Civil rights protect people’s liberty against oppression,Q247: Democracy: The state makes people's incomes equal,Q248: Democracy: People obey their rulers,Q249: Democracy: Women have the same rights as men
2017,RU-BEL Belgorodskaya area,Rural,Female,65 and more years,Russian,Widowed,Lower,Lower class,4,Russia,Russian,74,Retired/pensioned,Orthodox (Russian/Greek/etc.),Not very important,Not at all important,Not at all important,Not at all important,Not very important,Mentioned,Not mentioned,Not mentioned,Not mentioned,Mentioned,Not mentioned,Mentioned,Not mentioned,Not mentioned,Agree strongly,Agree strongly,Agree,Agree strongly,Agree,Agree strongly,Disagree,Neither agree nor disagree,Neither agree nor disagree,Disagree strongly,Agree strongly,Agree strongly,Strongly agree,Strongly agree,Agree,Our society must be gradually improved by reforms,Bad thing,Good thing,Good thing,Trust completely,Do not trust at all,Trust somewhat,Do not trust very much,Do not trust at all,Do not trust at all,A great deal,A great deal,A great deal,A great deal,A great deal,A great deal,A great deal,A great deal,A great deal,A great deal,A great deal,A great deal,A great deal,A great deal,A great deal,A great deal,A great deal,A great deal,None at all,None at all,None at all,A great deal,None at all,Quite a lot,Not very much,Quite a lot,6,3,4,2,2,3,Protecting environment,10 There is abundant corruption in my country,All of them,All of them,All of them,All of them,All of them,Agree,6,"Neither good, nor bad",Agree,Disagree,Agree,Agree,Agree,Agree,Disagree,Disagree,Let people come as long as there are jobs available,Not at all,Not at all,Freedom,Security,Yes,A high level of economic growth,A high level of economic growth,Maintaining order in the nation,Fighting rising prices,A stable economy,A stable economy,6,5,6,3,6,6,Very important,Yes,No,No,No,Disagree,Disagree,Do good to other people,Make sense of life in this world,3,6,Always justifiable,2,4,Always justifiable,Always justifiable,Always justifiable,3,Always justifiable,2,3,6,4,5,6,Never justifiable,6,Never justifiable,Always justifiable,Probably should have the right,Probably should have the right,Probably should have the right,Very often,Not at all often,Fairly often,Not at all often,Not at all often,Not at all often,Not at all often,Not at all often,Not at all often,Not at all often,Very important,Very good,Fairly good,Fairly good,Fairly good,Very bad,An essential characteristic of democracy,2,An essential characteristic of democracy,An essential characteristic of democracy,5,An essential characteristic of democracy,An essential characteristic of democracy,An essential characteristic of democracy,An essential characteristic of democracy
2017,RU-MOW Moskva autonomous city,Urban,Female,16-24,Russian,Single,Middle,Upper middle class,5,Russia,Russian,18,Student,Do not belong to a denomination,Very important,Very important,Not at all important,Not very important,Not at all important,Mentioned,Not mentioned,Mentioned,Not mentioned,Not mentioned,Not mentioned,Mentioned,Not mentioned,Not mentioned,Agree,Agree,Agree,Strongly disagree,Disagree,Agree,Disagree strongly,Agree strongly,Agree,Disagree,Disagree,Agree,Strongly agree,Disagree,Neither agree nor disagree,Our society must be gradually improved by reforms,Bad thing,Good thing,Don't mind,Trust completely,Trust somewhat,Trust somewhat,Trust somewhat,Trust somewhat,Trust somewhat,Quite a lot,Not very much,Not very much,None at all,Not very much,Not very much,Quite a lot,Quite a lot,Not very much,Quite a lot,Quite a lot,A great deal,None at all,Quite a lot,Quite a lot,Quite a lot,Quite a lot,Quite a lot,Quite a lot,Not very much,Not very much,Not very much,Not very much,Not very much,Quite a lot,Not very much,4,There should be greater incentives for individual effort,5,6,Competition is good,4,Protecting environment,5,Few of them,Few of them,Few of them,Few of them,Few of them,Agree,6,"Neither good, nor bad",Agree,Agree,Agree,Agree,Agree,Agree,Disagree,Agree,Let people come as long as there are jobs available,A great deal,Not at all,Freedom,Security,Yes,Seeing that people have more say about how  are done at their jobs and in their communities,A high level of economic growth,Fighting rising prices,Maintaining order in the nation,A stable economy,Progress toward a society in which Ideas count more than money,Completely agree,Completely agree,Completely disagree,Completely disagree,Completely disagree,A lot better off,2,Yes,No,No,No,Disagree,Disagree,Do good to other people,Make sense of life in this world,5,Never justifiable,8,Never justifiable,Never justifiable,Never justifiable,Always justifiable,Never justifiable,Always justifiable,8,Always justifiable,Never justifiable,Never justifiable,Never justifiable,Never justifiable,Never justifiable,Never justifiable,Always justifiable,2,Never justifiable,Definitely should have the right,Definitely should not have the right,Definitely should not have the right,Not often,Not often,Fairly often,Not often,Fairly often,Fairly often,Not often,Not at all often,Fairly often,Fairly often,Rather important,Fairly Bad,Fairly bad,Fairly bad,Fairly good,Bad,5,3,7,An essential characteristic of democracy,5,8,6,An essential characteristic of democracy,An essential characteristic of democracy
2017,RU-MOW Moskva autonomous city,Urban,Female,35-44,Russian,Married,Higher,Upper middle class,4,Russia,Russian,36,Full time (30 hours a week or more),Orthodox (Russian/Greek/etc.),Very important,Rather important,Not at all important,Very important,Not very important,Mentioned,Not mentioned,Mentioned,Mentioned,Mentioned,Not mentioned,Mentioned,Not mentioned,Not mentioned,Agree,Disagree,Agree strongly,Strongly disagree,Agree,Agree,Agree,Agree strongly,Agree,Disagree,Agree strongly,Agree strongly,Neither agree or disagree,Agree,Agree strongly,Our society must be gradually improved by reforms,Bad thing,Bad thing,Good thing,Trust completely,Trust somewhat,Trust somewhat,Do not trust at all,Trust completely,Do not trust very much,Quite a lot,Quite a lot,Not very much,Not very much,Quite a lot,Quite a lot,Quite a lot,Not very much,Quite a lot,Not very much,Quite a lot,Quite a lot,Not very much,Not very much,Not very much,Quite a lot,Not very much,Quite a lot,Not very much,Not very much,None at all,Quite a lot,Not very much,Not very much,Quite a lot,Not very much,2,There should be greater incentives for individual effort,9,2,Competition is good,2,Economy growth and creating jobs,9,Most of them,Most of them,All of them,All of them,All of them,Strongly disagree,8,"Neither good, nor bad",Agree,Disagree,Agree,Agree,Agree,Agree,Agree,Agree,Prohibit people coming here from other countries,A great deal,A great deal,Equality,Freedom,No,Making sure this country has strong defence forces,Making sure this country has strong defence forces,Giving people more say in important government decisions,Fighting rising prices,A stable economy,Progress toward a society in which Ideas count more than money,Completely agree,6,Completely disagree,8,Completely disagree,8,5,Yes,No,No,No,Disagree,Disagree,Do good to other people,Make sense of life in this world,2,Always justifiable,4,Never justifiable,9,6,Never justifiable,7,8,Always justifiable,7,Never justifiable,Never justifiable,Never justifiable,Never justifiable,Never justifiable,Never justifiable,9,Never justifiable,Never justifiable,Probably should not have the right,Probably should not have the right,Definitely should not have the right,Fairly often,Not at all often,Fairly often,Not at all often,Not often,Fairly often,Fairly often,Not at all often,Fairly often,Fairly often,Rather important,Fairly good,Fairly bad,Very bad,Very good,Bad,An essential characteristic of democracy,It is against democracy (spontaneous),An essential characteristic of democracy,An essential characteristic of democracy,Not an essential characteristic of democracy,9,4,An essential characteristic of democracy,An essential characteristic of democracy
2017,RU-MOW Moskva autonomous city,Urban,Female,45-54,Russian,Married,Higher,Upper middle class,9,Russia,Russian,47,Full time (30 hours a week or more),Orthodox (Russian/Greek/etc.),Rather important,Very important,Not very important,Rather important,Rather important,Mentioned,Not mentioned,Mentioned,Mentioned,Mentioned,Not mentioned,Mentioned,Not mentioned,Not mentioned,Agree,Disagree,Agree,Disagree,Strongly disagree,Strongly disagree,Disagree,Agree strongly,Neither agree nor disagree,Disagree,Disagree,Agree,Neither agree or disagree,Agree,Neither agree nor disagree,Our society must be gradually improved by reforms,Bad thing,Good thing,Don't mind,Trust completely,Do not trust very much,Trust somewhat,Do not trust at all,Do not trust very much,Do not trust very much,A great deal,Quite a lot,Not very much,Not very much,Not very much,Quite a lot,Quite a lot,A great deal,Not very much,Quite a lot,Quite a lot,Quite a lot,Quite a lot,Not very much,None at all,Not very much,Not very much,Not very much,Not very much,Not very much,Not very much,None at all,Not very much,Not very much,Not very much,Not very much,8,There should be greater incentives for individual effort,8,2,2,4,Economy growth and creating jobs,8,All of them,All of them,Most of them,Most of them,All of them,Disagree,6,Quite bad,Disagree,Disagree,Agree,Agree,Agree,Agree,Agree,Agree,Place strict limits on the number of foreigners who can come here,A great deal,A great deal,Freedom,Freedom,No,A high level of economic growth,Seeing that people have more say about how  are done at their jobs and in their communities,Fighting rising prices,Fighting rising prices,A stable economy,Progress toward a society in which Ideas count more than money,Completely agree,8,Completely disagree,Completely agree,Completely disagree,8,6,Yes,No,No,No,Disagree,Agree,Follow religious norms and ceremonies,Make sense of life in this world,6,5,5,Never justifiable,3,Never justifiable,4,Never justifiable,Always justifiable,Always justifiable,8,Never justifiable,Never justifiable,Never justifiable,Never justifiable,Never justifiable,Never justifiable,7,Never justifiable,Never justifiable,Probably should not have the right,Probably should not have the right,Probably should not have the right,Fairly often,Not often,Fairly often,Not at all often,Not often,Fairly often,Not often,Not at all often,Very often,Fairly often,Rather important,Fairly Bad,Fairly good,Very bad,Very good,Bad,9,Not an essential characteristic of democracy,An essential characteristic of democracy,An essential characteristic of democracy,2,9,7,An essential characteristic of democracy,8
2017,RU-MOW Moskva autonomous city,Urban,Male,35-44,Russian,Married,Higher,Lower middle class,5,Russia,Russian,37,Full time (30 hours a week or more),Do not belong to a denomination,Rather important,Rather important,Not at all important,Very important,Not very important,Mentioned,Not mentioned,Mentioned,Mentioned,Mentioned,Not mentioned,Mentioned,Not mentioned,Not mentioned,Agree,Disagree,Disagree,Disagree,Agree,Agree,Disagree,Agree strongly,Disagree,Disagree,Agree strongly,Agree strongly,Agree,Strongly agree,Agree,Our society must be gradually improved by reforms,Bad thing,Good thing,Don't mind,Trust completely,Trust somewhat,Trust somewhat,Do not trust at all,Do not trust very much,Do not trust very much,Not very much,A great deal,None at all,Quite a lot,None at all,Quite a lot,Not very much,Not very much,Not very much,Quite a lot,Quite a lot,A great deal,Not very much,Quite a lot,None at all,Quite a lot,Quite a lot,Not very much,Quite a lot,None at all,None at all,Not very much,None at all,None at all,None at all,None at all,2,9,8,7,2,3,Protecting environment,8,All of them,Most of them,Most of them,All of them,All of them,Agree,8,Quite bad,Agree,Agree,Agree,Agree,Agree,Agree,Disagree,Agree,Place strict limits on the number of foreigners who can come here,A great deal,A great deal,Freedom,Security,Yes,A high level of economic growth,A high level of economic growth,Fighting rising prices,Giving people more say in important government decisions,Progress toward a less impersonal and more humane society,A stable economy,8,6,Completely agree,Completely agree,Completely disagree,8,4,Yes,Yes,Yes,Yes,Disagree,Strongly disagree,Do good to other people,Make sense of life in this world,2,Never justifiable,Always justifiable,Never justifiable,Never justifiable,Never justifiable,Never justifiable,Never justifiable,Never justifiable,5,Always justifiable,Never justifiable,5,Never justifiable,Never justifiable,Never justifiable,Never justifiable,7,Never justifiable,Never justifiable,Probably should have the right,Probably should not have the right,Definitely should not have the right,Not often,Not at all often,Fairly often,Not at all often,Very often,Fairly often,Not often,Not at all often,Not often,Very often,Very important,Fairly Bad,Fairly good,Fairly bad,Fairly good,Bad,An essential characteristic of democracy,Not an essential characteristic of democracy,An essential characteristic of democracy,An essential characteristic of democracy,Not an essential characteristic of democracy,An essential characteristic of democracy,2,6,9
2017,RU-MOW Moskva autonomous city,Urban,Male,35-44,Russian,Married,Higher,Upper middle class,5,Russia,Russian,39,Full time (30 hours a week or more),Orthodox (Russian/Greek/etc.),Very important,Very important,Not very important,Very important,Rather important,Mentioned,Not mentioned,Mentioned,Not mentioned,Mentioned,Not mentioned,Mentioned,Not mentioned,Not mentioned,Agree,Disagree,Agree,Disagree,Agree,Disagree,Disagree,Agree strongly,Neither agree nor disagree,Disagree strongly,Disagree,Agree,Disagree,Neither agree or disagree,Neither agree nor disagree,Our society must be gradually improved by reforms,Good thing,Good thing,Bad thing,Trust completely,Do not trust very much,Trust somewhat,Do not trust very much,Trust somewhat,Do not trust very much,Not very much,Not very much,Not very much,Not very much,Not very much,Quite a lot,Quite a lot,Not very much,Not very much,Not very much,Quite a lot,Quite a lot,Not very much,Not very much,Quite a lot,Quite a lot,Not very much,Not very much,Not very much,Not very much,Not very much,None at all,Not very much,Not very much,None at all,None at all,4,9,8,People should take more responsibility to provide for themselves,4,5,Protecting environment,8,All of them,Few of them,All of them,Most of them,All of them,Agree,8,"Neither good, nor bad",Disagree,Disagree,Agree,Agree,Agree,Agree,Agree,Agree,Place strict limits on the number of foreigners who can come here,A great deal,A great deal,Freedom,Freedom,Yes,A high level of economic growth,Making sure this country has strong defence forces,Fighting rising prices,Fighting rising prices,A stable economy,A stable economy,8,9,2,Completely disagree,2,8,6,Yes,Yes,No,No,Disagree,Disagree,Do good to other people,Make sense of life in this world,4,Never justifiable,Never justifiable,Never justifiable,Never justifiable,Never justifiable,Never justifiable,7,8,8,9,Never justifiable,6,Never justifiable,Never justifiable,Never justifiable,Never justifiable,Always justifiable,Never justifiable,6,Definitely should have the right,Probably should not have the right,Definitely should not have the right,Fairly often,Not often,Very often,Not at all often,Not often,Fairly often,Not often,Not at all often,Fairly often,Fairly often,Rather important,Fairly good,Fairly bad,Very bad,Very good,Bad,Not an essential characteristic of democracy,Not an essential characteristic of democracy,An essential characteristic of democracy,An essential characteristic of democracy,3,8,4,8,An essential characteristic of democracy
2017,RU-MOW Moskva autonomous city,Urban,Male,45-54,Russian,Married,Higher,Lower middle class,5,Russia,Russian,53,Full time (30 hours a week or more),Orthodox (Russian/Greek/etc.),Very important,Rather important,Not very important,Rather important,Rather important,Mentioned,Not mentioned,Not mentioned,Mentioned,Mentioned,Not mentioned,Mentioned,Not mentioned,Not mentioned,Agree,Disagree,Agree,Disagree,Agree,Agree,Neither agree nor disagree,Agree,Agree,Disagree,Neither agree nor disagree,Agree strongly,Strongly agree,Disagree,Neither agree nor disagree,Our society must be gradually improved by reforms,Bad thing,Good thing,Don't mind,Trust completely,Do not trust very much,Trust somewhat,Do not trust at all,Trust somewhat,Trust somewhat,Quite a lot,Quite a lot,Not very much,None at all,Not very much,Quite a lot,Quite a lot,Not very much,None at all,None at all,Quite a lot,Quite a lot,Not very much,Not very much,Not very much,Not very much,Don't know,Not very much,Not very much,None at all,None at all,None at all,None at all,None at all,Not very much,None at all,Being effective,There should be greater incentives for individual effort,9,The government should take more responsibility to ensure that everyone is provided for,Competition is good,7,Protecting environment,10 There is abundant corruption in my country,Most of them,Most of them,All of them,Few of them,All of them,Agree,7,Quite bad,Disagree,Disagree,Agree,Agree,Agree,Agree,Agree,Agree,Place strict limits on the number of foreigners who can come here,Not much,Not much,Equality,Security,Yes,A high level of economic growth,A high level of economic growth,Fighting rising prices,Maintaining order in the nation,A stable economy,The fight against crime,Completely agree,Completely agree,Completely agree,Completely agree,Completely disagree,8,6,Yes,No,No,No,Agree,Strongly disagree,Do good to other people,Make sense of life in this world,Completely disagree,Never justifiable,Never justifiable,Never justifiable,Never justifiable,Never justifiable,Never justifiable,Never justifiable,Never justifiable,5,5,Never justifiable,5,Never justifiable,Never justifiable,Never justifiable,Never justifiable,5,Never justifiable,8,Definitely should have the right,Definitely should not have the right,Definitely should have the right,Fairly often,Not often,Fairly often,Not at all often,Fairly often,Fairly often,Not at all often,Not at all often,Fairly often,Very often,Very important,Very bad,Very bad,Very bad,Fairly good,Bad,5,Not an essential characteristic of democracy,An essential characteristic of democracy,6,Not an essential characteristic of democracy,An essential characteristic of democracy,7,9,An essential characteristic of democracy
2017,RU-MOW Moskva autonomous city,Urban,Male,45-54,Russian,Married,Higher,Upper middle class,4,Russia,Russian,48,Full time (30 hours a week or more),Orthodox (Russian/Greek/etc.),Very important,Rather important,Not very important,Rather important,Rather important,Mentioned,Not mentioned,Mentioned,Mentioned,Mentioned,Not mentioned,Mentioned,Not mentioned,Not mentioned,Agree,Agree strongly,Agree,Disagree,Agree strongly,Agree,Neither agree nor disagree,Agree strongly,Agree,Disagree strongly,Neither agree nor disagree,Agree strongly,Agree,Strongly agree,Neither agree nor disagree,Our society must be gradually improved by reforms,Good thing,Good thing,Good thing,Trust completely,Trust somewhat,Trust somewhat,Do not trust very much,Trust somewhat,Trust somewhat,Quite a lot,A great deal,None at all,None at all,None at all,A great deal,Not very much,Not very much,None at all,None at all,Quite a lot,A great deal,Quite a lot,A great deal,None at all,None at all,A great deal,None at all,None at all,Not very much,None at all,None at all,None at all,None at all,None at all,A great deal,2,8,6,5,Competition is good,4,Protecting environment,8,Few of them,Few of them,All of them,Most of them,All of them,Agree,7,"Neither good, nor bad",Agree,Disagree,Agree,Agree,Agree,Agree,Agree,Agree,Place strict limits on the number of foreigners who can come here,Not much,Not much,Freedom,Freedom,Yes,A high level of economic growth,Making sure this country has strong defence forces,Giving people more say in important government decisions,Fighting rising prices,A stable economy,A stable economy,Completely agree,Completely agree,5,5,Completely disagree,A lot better off,5,Yes,No,No,No,Agree,Strongly agree,Do good to other people,Make sense of life in this world,5,Never justifiable,Never justifiable,Never justifiable,Never justifiable,Never justifiable,Never justifiable,Never justifiable,3,3,6,Never justifiable,2,Never justifiable,2,Never justifiable,Never justifiable,4,Never justifiable,Never justifiable,Definitely should have the right,Definitely should not have the right,Probably should not have the right,Not often,Not often,Fairly often,Fairly often,Not at all often,Fairly often,Fairly often,Not at all often,Fairly often,Fairly often,Very important,Very bad,Very bad,Very bad,Fairly good,Very bad,8,Not an essential characteristic of democracy,An essential characteristic of democracy,7,3,An essential characteristic of democracy,3,9,An essential characteristic of democracy
2017,RU-PRI Primorskiy kray,Urban,Female,65 and more years,Russian,Widowed,Lower,Working class,4,Russia,Russian,73,Retired/pensioned,Do not belong to a denomination,Very important,Very important,Not at all important,Not at all important,Not at all important,Mentioned,Not mentioned,Not mentioned,Not mentioned,Not mentioned,Not mentioned,Not mentioned,Not mentioned,Not mentioned,Agree strongly,Strongly disagree,Strongly disagree,Strongly disagree,Agree strongly,Agree strongly,Agree strongly,Agree strongly,Disagree strongly,Agree strongly,Agree strongly,Agree strongly,Strongly agree,Strongly agree,Agree strongly,Our society must be gradually improved by reforms,Bad thing,Good thing,Don't mind,Trust completely,Trust completely,Trust completely,Do not trust at all,Do not trust at all,Trust completely,Quite a lot,A great deal,Not very much,Not very much,Don't know,A great deal,Not very much,A great deal,None at all,Don't know,Quite a lot,A great deal,A great deal,None at all,None at all,Quite a lot,Don't know,A great deal,Don't know,Quite a lot,Don't know,Don't know,Don't know,Not very much,A great deal,Don't know,Being democratic,There should be greater incentives for individual effort,Don't -9:-2,The government should take more responsibility to ensure that everyone is provided for,Competition is good,Hard work doesn't generally bring success - it's more a matter of luck and connections,Don't know,1 There is no corruption in my country,All of them,All of them,All of them,All of them,All of them,Strongly agree,Very high risk,"Neither good, nor bad",Agree,Agree,Agree,Agree,Agree,Agree,Agree,Agree,Let people come as long as there are jobs available,Not at all,Not at all,Equality,Security,Yes,Making sure this country has strong defence forces,Seeing that people have more say about how  are done at their jobs and in their communities,Giving people more say in important government decisions,Protecting freedom of speech,Progress toward a less impersonal and more humane society,A stable economy,5,Completely disagree,Completely disagree,Completely agree,Completely agree,A lot better off,Not at all important,No,No,No,No,Strongly agree,Strongly agree,Do good to other people,Make sense of life in this world,Completely agree,Never justifiable,Never justifiable,Never justifiable,Never justifiable,Never justifiable,Never justifiable,Never justifiable,Always justifiable,Always justifiable,Never justifiable,Never justifiable,Never justifiable,Never justifiable,Never justifiable,Never justifiable,Never justifiable,Always justifiable,Never justifiable,Always justifiable,Definitely should have the right,Definitely should not have the right,Definitely should not have the right,Not at all often,Not at all often,Very often,Very often,Don't know,Not often,Not at all often,Not at all often,Fairly often,Not often,Very important,Very bad,Fairly good,Fairly bad,Fairly good,Bad,An essential characteristic of democracy,Not an essential characteristic of democracy,An essential characteristic of democracy,An essential characteristic of democracy,An essential characteristic of democracy,An essential characteristic of democracy,5,Not an essential characteristic of democracy,An essential characteristic of democracy
2017,RU-ROS Rostovskaya area,Urban,Female,35-44,Russian,Divorced,Higher,Lower middle class,4,Russia,Russian,41,Full time (30 hours a week or more),Do not belong to a denomination,Very important,Very important,Very important,Very important,Very important,Mentioned,Not mentioned,Not mentioned,Not mentioned,Not mentioned,Not mentioned,Mentioned,Not mentioned,Not mentioned,Disagree,Agree strongly,Agree,Agree,Agree,Strongly disagree,Agree strongly,Agree strongly,Disagree,Disagree strongly,Agree,Agree strongly,Strongly agree,Strongly agree,Agree strongly,Our society must be gradually improved by reforms,Bad thing,Good thing,Good thing,Trust completely,Trust completely,Trust completely,Do not trust very much,Trust completely,Trust completely,A great deal,A great deal,Don't know,A great deal,A great deal,A great deal,Not very much,A great deal,A great deal,A great deal,A great deal,A great deal,A great deal,A great deal,A great deal,A great deal,A great deal,A great deal,A great deal,A great deal,A great deal,A great deal,Not very much,A great deal,A great deal,A great deal,Being effective,There should be greater incentives for individual effort,5,6,6,6,Protecting environment,6,All of them,All of them,All of them,All of them,All of them,Strongly disagree,5,"Neither good, nor bad",Agree,Disagree,Disagree,Agree,Disagree,Agree,Agree,Agree,Prohibit people coming here from other countries,A great deal,Very much,Freedom,Security,Yes,A high level of economic growth,Making sure this country has strong defence forces,Giving people more say in important government decisions,Fighting rising prices,A stable economy,Progress toward a society in which Ideas count more than money,Completely agree,Completely agree,6,2,3,6,5,Yes,No,No,No,Strongly disagree,Strongly disagree,Do good to other people,Make sense of life in this world,Completely agree,Never justifiable,Never justifiable,Never justifiable,Never justifiable,Never justifiable,5,7,5,6,6,4,Don't know,Never justifiable,Never justifiable,Never justifiable,Never justifiable,6,Never justifiable,Never justifiable,Definitely should not have the right,Definitely should not have the right,Definitely should not have the right,Not often,Don't know,Don't know,Don't know,Don't know,Don't know,Don't know,Don't know,Very often,Very often,Rather important,Fairly good,Don't know,Don't know,Don't know,Don't know,An essential characteristic of democracy,5,6,5,4,6,An essential characteristic of democracy,3,An essential characteristic of democracy
2017,RU-SVE Sverdlovskaya area,Urban,Male,25-34,Russian,Married,Higher,Lower middle class,6,Russia,Russian,33,Full time (30 hours a week or more),Do not belong to a denomination,Rather important,Rather important,Rather important,Rather important,Not very important,Not mentioned,Not mentioned,Mentioned,Not mentioned,Mentioned,Not mentioned,Not mentioned,Not mentioned,Not mentioned,Agree,Agree strongly,Agree strongly,Agree,Disagree,Disagree,Agree,Agree strongly,Disagree strongly,Neither agree nor disagree,Disagree,Agree,Disagree,Neither agree or disagree,Neither agree nor disagree,Our society must be gradually improved by reforms,Good thing,Bad thing,Don't mind,Trust completely,Do not trust very much,Trust somewhat,Do not trust very much,Trust somewhat,Do not trust very much,None at all,None at all,None at all,None at all,None at all,None at all,None at all,None at all,None at all,None at all,None at all,None at all,None at all,None at all,None at all,None at all,None at all,None at all,None at all,None at all,None at all,None at all,None at all,None at all,None at all,None at all,7,7,5,5,6,7,Economy growth and creating jobs,10 There is abundant corruption in my country,Most of them,Most of them,All of them,Few of them,Most of them,Disagree,6,Quite good,Agree,Agree,Agree,Disagree,Agree,Agree,Disagree,Agree,Let people come as long as there are jobs available,A great deal,A great deal,Equality,Freedom,No,A high level of economic growth,Making sure this country has strong defence forces,Fighting rising prices,Maintaining order in the nation,Progress toward a less impersonal and more humane society,Progress toward a society in which Ideas count more than money,7,Completely agree,6,2,7,6,7,Yes,No,No,No,Strongly disagree,Agree,Follow religious norms and ceremonies,Make sense of life in this world,6,5,5,6,4,3,3,4,4,4,4,Never justifiable,3,8,4,3,Never justifiable,3,3,3,Probably should not have the right,Probably should not have the right,Probably should not have the right,Fairly often,Not often,Not at all often,Fairly often,Not at all often,Not at all often,Not at all often,Not at all often,Not at all often,Not often,Rather important,Fairly good,Fairly bad,Very bad,Fairly bad,Fairly good,8,An essential characteristic of democracy,6,8,8,5,7,7,7
2017,RU-SVE Sverdlovskaya area,Urban,Male,35-44,Russian,Married,Higher,Lower middle class,4,Russia,Russian,35,Full time (30 hours a week or more),Orthodox (Russian/Greek/etc.),Very important,Rather important,Rather important,Not very important,Not very important,Mentioned,Not mentioned,Mentioned,Not mentioned,Not mentioned,Not mentioned,Not mentioned,Not mentioned,Not mentioned,Agree strongly,Agree,Disagree,Strongly disagree,Agree,Disagree,Agree,Disagree,Neither agree nor disagree,Agree strongly,Neither agree nor disagree,Disagree,Disagree,Agree,Neither agree nor disagree,Our society must be gradually improved by reforms,Bad thing,Don't mind,Bad thing,Trust completely,Trust completely,Trust somewhat,Trust somewhat,Do not trust very much,Do not trust very much,None at all,None at all,None at all,Not very much,None at all,None at all,None at all,None at all,None at all,None at all,None at all,Not very much,None at all,None at all,Not very much,None at all,None at all,Not very much,None at all,None at all,None at all,None at all,None at all,None at all,None at all,None at all,7,7,4,4,7,9,Economy growth and creating jobs,7,Few of them,Few of them,Few of them,Few of them,Few of them,Agree,6,Quite good,Agree,Agree,Agree,Disagree,Agree,Agree,Disagree,Disagree,Let people come as long as there are jobs available,A great deal,A great deal,Equality,Security,No,A high level of economic growth,Seeing that people have more say about how  are done at their jobs and in their communities,Fighting rising prices,Fighting rising prices,A stable economy,Progress toward a society in which Ideas count more than money,7,6,9,6,3,7,6,Yes,Yes,No,No,Disagree,Agree,Do good to other people,Make sense of life after death,6,4,4,3,2,3,3,4,4,4,5,3,2,Never justifiable,Never justifiable,Never justifiable,4,3,4,4,Probably should have the right,Probably should not have the right,Probably should not have the right,Not often,Fairly often,Not often,Not at all often,Fairly often,Fairly often,Not often,Fairly often,Not often,Not often,Rather important,Fairly Bad,Fairly bad,Fairly good,Fairly bad,Bad,7,4,An essential characteristic of democracy,2,7,4,6,7,6
